;;;;;;;;;;;;x,,,,,,,,,,,,,
return_core_on_title;Enable 'Return Cores' decisions;;;;;;;;;;;;x,,
return_core_on_desc;The Return Cores decisions allow you to return cores of vassals and spherelings, as long as you don't have a core in the province, and are otherwise kept hidden from view to avoid having them clutter up your decision list.;;;;;;;;;;;;x
return_core_off_title;Disable 'Return Cores' decisions;;;;;;;;;;;;x,,
return_core_off_desc;Your decision list will now be uncluttered.;;;;;;;;;;;;x,,
return_core_disabled_title;Deactivate 'Return Cores' decisions;;;;;;;;;;;;x,,
return_core_disabled_desc;The 'Return Cores' decisions will disappear from this game session and won't reappear again. You won't be able to use these decisions again for this game.;;;;;;;;;;;;x,,
return_cores_ABE_title;Return cores to Abenaki;;;;;;;;;;;;;;;;;;;;x,,
return_cores_ABE_desc;We hold provinces that Abenaki has claims on. Returning these provinces, as an act of good faith, would surely bolster our relations.;;;;;;;;;;;;x
return_cores_ACH_title;Return cores to Greater Achaia;;;;;;;;;;;;;;;;;;;;x,,
return_cores_ACH_desc;We hold provinces that Greater Achaia has claims on. Returning these provinces, as an act of good faith, would surely bolster our relations.;;;;;;;;;;;;x
return_cores_ADA_title;Return cores to Adal;;;;;;;;;;;;;;;;;;;;x,,
return_cores_ADA_desc;We hold provinces that Adal has claims on. Returning these provinces, as an act of good faith, would surely bolster our relations.;;;;;;;;;;;;x
return_cores_ADE_title;Return cores to Aden;;;;;;;;;;;;;;;;;;;;x,,
return_cores_ADE_desc;We hold provinces that Aden has claims on. Returning these provinces, as an act of good faith, would surely bolster our relations.;;;;;;;;;;;;x
return_cores_AFG_title;Return cores to Kabulistan;;;;;;;;;;;;;;;;;;;;x,,
return_cores_AFG_desc;We hold provinces that Kabulistan has claims on. Returning these provinces, as an act of good faith, would surely bolster our relations.;;;;;;;;;;;;x
return_cores_AIN_title;Return cores to Ainu;;;;;;;;;;;;;;;;;;;;x,,
return_cores_AIN_desc;We hold provinces that Ainu has claims on. Returning these provinces, as an act of good faith, would surely bolster our relations.;;;;;;;;;;;;x
return_cores_ALB_title;Return cores to Dyrrachion;;;;;;;;;;;;;;;;;;;;x,,
return_cores_ALB_desc;We hold provinces that Dyrrachion has claims on. Returning these provinces, as an act of good faith, would surely bolster our relations.;;;;;;;;;;;;x
return_cores_ALD_title;Return cores to Alger;;;;;;;;;;;;;;;;;;;;x,,
return_cores_ALD_desc;We hold provinces that Alger has claims on. Returning these provinces, as an act of good faith, would surely bolster our relations.;;;;;;;;;;;;x
return_cores_ALM_title;Return cores to Altamaha;;;;;;;;;;;;;;;;;;;;x,,
return_cores_ALM_desc;We hold provinces that Altamaha has claims on. Returning these provinces, as an act of good faith, would surely bolster our relations.;;;;;;;;;;;;x
return_cores_ANN_title;Return cores to Annam;;;;;;;;;;;;;;;;;;;;x,,
return_cores_ANN_desc;We hold provinces that Annam has claims on. Returning these provinces, as an act of good faith, would surely bolster our relations.;;;;;;;;;;;;x
return_cores_APA_title;Return cores to Apache;;;;;;;;;;;;;;;;;;;;x,,
return_cores_APA_desc;We hold provinces that Apache has claims on. Returning these provinces, as an act of good faith, would surely bolster our relations.;;;;;;;;;;;;x
return_cores_ARA_title;Return cores to Arabia;;;;;;;;;;;;;;;;;;;;x,,
return_cores_ARA_desc;We hold provinces that Arabia has claims on. Returning these provinces, as an act of good faith, would surely bolster our relations.;;;;;;;;;;;;x
return_cores_ARG_title;Return cores to La Plata;;;;;;;;;;;;;;;;;;;;x,,
return_cores_ARG_desc;We hold provinces that La Plata has claims on. Returning these provinces, as an act of good faith, would surely bolster our relations.;;;;;;;;;;;;x
return_cores_ARM_title;Return cores to Greater Armenia;;;;;;;;;;;;;;;;;;;;x,,
return_cores_ARM_desc;We hold provinces that Greater Armenia has claims on. Returning these provinces, as an act of good faith, would surely bolster our relations.;;;;;;;;;;;;x
return_cores_ARN_title;Return cores to Aragon;;;;;;;;;;;;;;;;;;;;x,,
return_cores_ARN_desc;We hold provinces that Aragon has claims on. Returning these provinces, as an act of good faith, would surely bolster our relations.;;;;;;;;;;;;x
return_cores_ARP_title;Return cores to Arapaho;;;;;;;;;;;;;;;;;;;;x,,
return_cores_ARP_desc;We hold provinces that Arapaho has claims on. Returning these provinces, as an act of good faith, would surely bolster our relations.;;;;;;;;;;;;x
return_cores_ARW_title;Return cores to Arawak;;;;;;;;;;;;;;;;;;;;x,,
return_cores_ARW_desc;We hold provinces that Arawak has claims on. Returning these provinces, as an act of good faith, would surely bolster our relations.;;;;;;;;;;;;x
return_cores_ASI_title;Return cores to Assiniboine;;;;;;;;;;;;;;;;;;;;x,,
return_cores_ASI_desc;We hold provinces that Assiniboine has claims on. Returning these provinces, as an act of good faith, would surely bolster our relations.;;;;;;;;;;;;x
return_cores_ASK_title;Return cores to Ashikaga;;;;;;;;;;;;;;;;;;;;x,,
return_cores_ASK_desc;We hold provinces that Ashikaga has claims on. Returning these provinces, as an act of good faith, would surely bolster our relations.;;;;;;;;;;;;x
return_cores_ASM_title;Return cores to Kamarupa;;;;;;;;;;;;;;;;;;;;x,,
return_cores_ASM_desc;We hold provinces that Kamarupa has claims on. Returning these provinces, as an act of good faith, would surely bolster our relations.;;;;;;;;;;;;x
return_cores_AUE_title;Return cores to Eora;;;;;;;;;;;;;;;;;;;;x,,
return_cores_AUE_desc;We hold provinces that Eora has claims on. Returning these provinces, as an act of good faith, would surely bolster our relations.;;;;;;;;;;;;x
return_cores_AUI_title;Return cores to Kamilaroi;;;;;;;;;;;;;;;;;;;;x,,
return_cores_AUI_desc;We hold provinces that Kamilaroi has claims on. Returning these provinces, as an act of good faith, would surely bolster our relations.;;;;;;;;;;;;x
return_cores_AUK_title;Return cores to Kaurna;;;;;;;;;;;;;;;;;;;;x,,
return_cores_AUK_desc;We hold provinces that Kaurna has claims on. Returning these provinces, as an act of good faith, would surely bolster our relations.;;;;;;;;;;;;x
return_cores_AUM_title;Return cores to Mianjin;;;;;;;;;;;;;;;;;;;;x,,
return_cores_AUM_desc;We hold provinces that Mianjin has claims on. Returning these provinces, as an act of good faith, would surely bolster our relations.;;;;;;;;;;;;x
return_cores_AUO_title;Return cores to Nyoongah;;;;;;;;;;;;;;;;;;;;x,,
return_cores_AUO_desc;We hold provinces that Nyoongah has claims on. Returning these provinces, as an act of good faith, would surely bolster our relations.;;;;;;;;;;;;x
return_cores_AUP_title;Return cores to Palawa;;;;;;;;;;;;;;;;;;;;x,,
return_cores_AUP_desc;We hold provinces that Palawa has claims on. Returning these provinces, as an act of good faith, would surely bolster our relations.;;;;;;;;;;;;x
return_cores_AUW_title;Return cores to Wurundjeri;;;;;;;;;;;;;;;;;;;;x,,
return_cores_AUW_desc;We hold provinces that Wurundjeri has claims on. Returning these provinces, as an act of good faith, would surely bolster our relations.;;;;;;;;;;;;x
return_cores_AUY_title;Return cores to Yolngu;;;;;;;;;;;;;;;;;;;;x,,
return_cores_AUY_desc;We hold provinces that Yolngu has claims on. Returning these provinces, as an act of good faith, would surely bolster our relations.;;;;;;;;;;;;x
return_cores_AUZ_title;Return cores to Malgana;;;;;;;;;;;;;;;;;;;;x,,
return_cores_AUZ_desc;We hold provinces that Malgana has claims on. Returning these provinces, as an act of good faith, would surely bolster our relations.;;;;;;;;;;;;x
return_cores_AVA_title;Return cores to Pagan;;;;;;;;;;;;;;;;;;;;x,,
return_cores_AVA_desc;We hold provinces that Pagan has claims on. Returning these provinces, as an act of good faith, would surely bolster our relations.;;;;;;;;;;;;x
return_cores_AWA_title;Return cores to Oudh;;;;;;;;;;;;;;;;;;;;x,,
return_cores_AWA_desc;We hold provinces that Oudh has claims on. Returning these provinces, as an act of good faith, would surely bolster our relations.;;;;;;;;;;;;x
return_cores_AWS_title;Return cores to Aussa;;;;;;;;;;;;;;;;;;;;x,,
return_cores_AWS_desc;We hold provinces that Aussa has claims on. Returning these provinces, as an act of good faith, would surely bolster our relations.;;;;;;;;;;;;x
return_cores_AYR_title;Return cores to Air;;;;;;;;;;;;;;;;;;;;x,,
return_cores_AYR_desc;We hold provinces that Air has claims on. Returning these provinces, as an act of good faith, would surely bolster our relations.;;;;;;;;;;;;x
return_cores_AZT_title;Return cores to Aztec;;;;;;;;;;;;;;;;;;;;x,,
return_cores_AZT_desc;We hold provinces that Aztec has claims on. Returning these provinces, as an act of good faith, would surely bolster our relations.;;;;;;;;;;;;x
return_cores_BAL_title;Return cores to Bali;;;;;;;;;;;;;;;;;;;;x,,
return_cores_BAL_desc;We hold provinces that Bali has claims on. Returning these provinces, as an act of good faith, would surely bolster our relations.;;;;;;;;;;;;x
return_cores_BAU_title;Return cores to Berau;;;;;;;;;;;;;;;;;;;;x,,
return_cores_BAU_desc;We hold provinces that Berau has claims on. Returning these provinces, as an act of good faith, would surely bolster our relations.;;;;;;;;;;;;x
return_cores_BHU_title;Return cores to Lhomon;;;;;;;;;;;;;;;;;;;;x,,
return_cores_BHU_desc;We hold provinces that Lhomon has claims on. Returning these provinces, as an act of good faith, would surely bolster our relations.;;;;;;;;;;;;x
return_cores_BLC_title;Return cores to Baluchistan;;;;;;;;;;;;;;;;;;;;x,,
return_cores_BLC_desc;We hold provinces that Baluchistan has claims on. Returning these provinces, as an act of good faith, would surely bolster our relations.;;;;;;;;;;;;x
return_cores_BLM_title;Return cores to Blambangan;;;;;;;;;;;;;;;;;;;;x,,
return_cores_BLM_desc;We hold provinces that Blambangan has claims on. Returning these provinces, as an act of good faith, would surely bolster our relations.;;;;;;;;;;;;x
return_cores_BNG_title;Return cores to Bengal;;;;;;;;;;;;;;;;;;;;x,,
return_cores_BNG_desc;We hold provinces that Bengal has claims on. Returning these provinces, as an act of good faith, would surely bolster our relations.;;;;;;;;;;;;x
return_cores_BNJ_title;Return cores to Banjar;;;;;;;;;;;;;;;;;;;;x,,
return_cores_BNJ_desc;We hold provinces that Banjar has claims on. Returning these provinces, as an act of good faith, would surely bolster our relations.;;;;;;;;;;;;x
return_cores_BNY_title;Return cores to Bunyoro;;;;;;;;;;;;;;;;;;;;x,,
return_cores_BNY_desc;We hold provinces that Bunyoro has claims on. Returning these provinces, as an act of good faith, would surely bolster our relations.;;;;;;;;;;;;x
return_cores_BOS_title;Return cores to Upper Bosnia;;;;;;;;;;;;;;;;;;;;x,,
return_cores_BOS_desc;We hold provinces that Upper Bosnia has claims on. Returning these provinces, as an act of good faith, would surely bolster our relations.;;;;;;;;;;;;x
return_cores_BRT_title;Return cores to Brittany;;;;;;;;;;;;;;;;;;;;x,,
return_cores_BRT_desc;We hold provinces that Brittany has claims on. Returning these provinces, as an act of good faith, would surely bolster our relations.;;;;;;;;;;;;x
return_cores_BRU_title;Return cores to Brunei;;;;;;;;;;;;;;;;;;;;x,,
return_cores_BRU_desc;We hold provinces that Brunei has claims on. Returning these provinces, as an act of good faith, would surely bolster our relations.;;;;;;;;;;;;x
return_cores_BRZ_title;Return cores to Brazil;;;;;;;;;;;;;;;;;;;;x,,
return_cores_BRZ_desc;We hold provinces that Brazil has claims on. Returning these provinces, as an act of good faith, would surely bolster our relations.;;;;;;;;;;;;x
return_cores_BSG_title;Return cores to Busoga;;;;;;;;;;;;;;;;;;;;x,,
return_cores_BSG_desc;We hold provinces that Busoga has claims on. Returning these provinces, as an act of good faith, would surely bolster our relations.;;;;;;;;;;;;x
return_cores_BUG_title;Return cores to Buganda;;;;;;;;;;;;;;;;;;;;x,,
return_cores_BUG_desc;We hold provinces that Buganda has claims on. Returning these provinces, as an act of good faith, would surely bolster our relations.;;;;;;;;;;;;x
return_cores_BUL_title;Return cores to Bulgaria;;;;;;;;;;;;;;;;;;;;x,,
return_cores_BUL_desc;We hold provinces that Bulgaria has claims on. Returning these provinces, as an act of good faith, would surely bolster our relations.;;;;;;;;;;;;x
return_cores_BUN_title;Return cores to Bundelkhand;;;;;;;;;;;;;;;;;;;;x,,
return_cores_BUN_desc;We hold provinces that Bundelkhand has claims on. Returning these provinces, as an act of good faith, would surely bolster our relations.;;;;;;;;;;;;x
return_cores_BYZ_title;Return cores to Byzantium;;;;;;;;;;;;;;;;;;;;x,,
return_cores_BYZ_desc;We hold provinces that Byzantium has claims on. Returning these provinces, as an act of good faith, would surely bolster our relations.;;;;;;;;;;;;x
return_cores_CAB_title;Return cores to Carib;;;;;;;;;;;;;;;;;;;;x,,
return_cores_CAB_desc;We hold provinces that Carib has claims on. Returning these provinces, as an act of good faith, would surely bolster our relations.;;;;;;;;;;;;x
return_cores_CAD_title;Return cores to Caddo;;;;;;;;;;;;;;;;;;;;x,,
return_cores_CAD_desc;We hold provinces that Caddo has claims on. Returning these provinces, as an act of good faith, would surely bolster our relations.;;;;;;;;;;;;x
return_cores_CAM_title;Return cores to Khmer;;;;;;;;;;;;;;;;;;;;x,,
return_cores_CAM_desc;We hold provinces that Khmer has claims on. Returning these provinces, as an act of good faith, would surely bolster our relations.;;;;;;;;;;;;x
return_cores_CAO_title;Return cores to Cahokia;;;;;;;;;;;;;;;;;;;;x,,
return_cores_CAO_desc;We hold provinces that Cahokia has claims on. Returning these provinces, as an act of good faith, would surely bolster our relations.;;;;;;;;;;;;x
return_cores_CAQ_title;Return cores to Casqui;;;;;;;;;;;;;;;;;;;;x,,
return_cores_CAQ_desc;We hold provinces that Casqui has claims on. Returning these provinces, as an act of good faith, would surely bolster our relations.;;;;;;;;;;;;x
return_cores_CAS_title;Return cores to Cascadia;;;;;;;;;;;;;;;;;;;;x,,
return_cores_CAS_desc;We hold provinces that Cascadia has claims on. Returning these provinces, as an act of good faith, would surely bolster our relations.;;;;;;;;;;;;x
return_cores_CCM_title;Return cores to Chichimeca;;;;;;;;;;;;;;;;;;;;x,,
return_cores_CCM_desc;We hold provinces that Chichimeca has claims on. Returning these provinces, as an act of good faith, would surely bolster our relations.;;;;;;;;;;;;x
return_cores_CCQ_title;Return cores to Calchaqui;;;;;;;;;;;;;;;;;;;;x,,
return_cores_CCQ_desc;We hold provinces that Calchaqui has claims on. Returning these provinces, as an act of good faith, would surely bolster our relations.;;;;;;;;;;;;x
return_cores_CDL_title;Return cores to Dali;;;;;;;;;;;;;;;;;;;;x,,
return_cores_CDL_desc;We hold provinces that Dali has claims on. Returning these provinces, as an act of good faith, would surely bolster our relations.;;;;;;;;;;;;x
return_cores_CHA_title;Return cores to Champa;;;;;;;;;;;;;;;;;;;;x,,
return_cores_CHA_desc;We hold provinces that Champa has claims on. Returning these provinces, as an act of good faith, would surely bolster our relations.;;;;;;;;;;;;x
return_cores_CHC_title;Return cores to Chu;;;;;;;;;;;;;;;;;;;;x,,
return_cores_CHC_desc;We hold provinces that Chu has claims on. Returning these provinces, as an act of good faith, would surely bolster our relations.;;;;;;;;;;;;x
return_cores_CHG_title;Return cores to Chagatai;;;;;;;;;;;;;;;;;;;;x,,
return_cores_CHG_desc;We hold provinces that Chagatai has claims on. Returning these provinces, as an act of good faith, would surely bolster our relations.;;;;;;;;;;;;x
return_cores_CHH_title;Return cores to Chahar;;;;;;;;;;;;;;;;;;;;x,,
return_cores_CHH_desc;We hold provinces that Chahar has claims on. Returning these provinces, as an act of good faith, would surely bolster our relations.;;;;;;;;;;;;x
return_cores_CHM_title;Return cores to Chimu;;;;;;;;;;;;;;;;;;;;x,,
return_cores_CHM_desc;We hold provinces that Chimu has claims on. Returning these provinces, as an act of good faith, would surely bolster our relations.;;;;;;;;;;;;x
return_cores_CHN_title;Return cores to Chickasaw;;;;;;;;;;;;;;;;;;;;x,,
return_cores_CHN_desc;We hold provinces that Chickasaw has claims on. Returning these provinces, as an act of good faith, would surely bolster our relations.;;;;;;;;;;;;x
return_cores_CKW_title;Return cores to Chokwe;;;;;;;;;;;;;;;;;;;;x,,
return_cores_CKW_desc;We hold provinces that Chokwe has claims on. Returning these provinces, as an act of good faith, would surely bolster our relations.;;;;;;;;;;;;x
return_cores_CLM_title;Return cores to Colombia;;;;;;;;;;;;;;;;;;;;x,,
return_cores_CLM_desc;We hold provinces that Colombia has claims on. Returning these provinces, as an act of good faith, would surely bolster our relations.;;;;;;;;;;;;x
return_cores_CMA_title;Return cores to Colima;;;;;;;;;;;;;;;;;;;;x,,
return_cores_CMA_desc;We hold provinces that Colima has claims on. Returning these provinces, as an act of good faith, would surely bolster our relations.;;;;;;;;;;;;x
return_cores_CNK_title;Return cores to Chinook;;;;;;;;;;;;;;;;;;;;x,,
return_cores_CNK_desc;We hold provinces that Chinook has claims on. Returning these provinces, as an act of good faith, would surely bolster our relations.;;;;;;;;;;;;x
return_cores_CRA_title;Return cores to Charca;;;;;;;;;;;;;;;;;;;;x,,
return_cores_CRA_desc;We hold provinces that Charca has claims on. Returning these provinces, as an act of good faith, would surely bolster our relations.;;;;;;;;;;;;x
return_cores_CRE_title;Return cores to Krete;;;;;;;;;;;;;;;;;;;;x,,
return_cores_CRE_desc;We hold provinces that Krete has claims on. Returning these provinces, as an act of good faith, would surely bolster our relations.;;;;;;;;;;;;x
return_cores_CRK_title;Return cores to Creek;;;;;;;;;;;;;;;;;;;;x,,
return_cores_CRK_desc;We hold provinces that Creek has claims on. Returning these provinces, as an act of good faith, would surely bolster our relations.;;;;;;;;;;;;x
return_cores_CRO_title;Return cores to Croatia;;;;;;;;;;;;;;;;;;;;x,,
return_cores_CRO_desc;We hold provinces that Croatia has claims on. Returning these provinces, as an act of good faith, would surely bolster our relations.;;;;;;;;;;;;x
return_cores_CSU_title;Return cores to Cusco;;;;;;;;;;;;;;;;;;;;x,,
return_cores_CSU_desc;We hold provinces that Cusco has claims on. Returning these provinces, as an act of good faith, would surely bolster our relations.;;;;;;;;;;;;x
return_cores_CUA_title;Return cores to Charrua;;;;;;;;;;;;;;;;;;;;x,,
return_cores_CUA_desc;We hold provinces that Charrua has claims on. Returning these provinces, as an act of good faith, would surely bolster our relations.;;;;;;;;;;;;x
return_cores_CUB_title;Return cores to Hispania Caribbea;;;;;;;;;;;;;;;;;;;;x,,
return_cores_CUB_desc;We hold provinces that Hispania Caribbea has claims on. Returning these provinces, as an act of good faith, would surely bolster our relations.;;;;;;;;;;;;x
return_cores_CVS_title;Return cores to Chuvashia;;;;;;;;;;;;;;;;;;;;x,,
return_cores_CVS_desc;We hold provinces that Chuvashia has claims on. Returning these provinces, as an act of good faith, would surely bolster our relations.;;;;;;;;;;;;x
return_cores_CWU_title;Return cores to Wu;;;;;;;;;;;;;;;;;;;;x,,
return_cores_CWU_desc;We hold provinces that Wu has claims on. Returning these provinces, as an act of good faith, would surely bolster our relations.;;;;;;;;;;;;x
return_cores_CXI_title;Return cores to Xi;;;;;;;;;;;;;;;;;;;;x,,
return_cores_CXI_desc;We hold provinces that Xi has claims on. Returning these provinces, as an act of good faith, would surely bolster our relations.;;;;;;;;;;;;x
return_cores_CYA_title;Return cores to Chachapoya;;;;;;;;;;;;;;;;;;;;x,,
return_cores_CYA_desc;We hold provinces that Chachapoya has claims on. Returning these provinces, as an act of good faith, would surely bolster our relations.;;;;;;;;;;;;x
return_cores_CYI_title;Return cores to Yi;;;;;;;;;;;;;;;;;;;;x,,
return_cores_CYI_desc;We hold provinces that Yi has claims on. Returning these provinces, as an act of good faith, would surely bolster our relations.;;;;;;;;;;;;x
return_cores_CYN_title;Return cores to Cheyenne;;;;;;;;;;;;;;;;;;;;x,,
return_cores_CYN_desc;We hold provinces that Cheyenne has claims on. Returning these provinces, as an act of good faith, would surely bolster our relations.;;;;;;;;;;;;x
return_cores_DEN_title;Return cores to Denmark;;;;;;;;;;;;;;;;;;;;x,,
return_cores_DEN_desc;We hold provinces that Denmark has claims on. Returning these provinces, as an act of good faith, would surely bolster our relations.;;;;;;;;;;;;x
return_cores_DLH_title;Return cores to Delhi;;;;;;;;;;;;;;;;;;;;x,,
return_cores_DLH_desc;We hold provinces that Delhi has claims on. Returning these provinces, as an act of good faith, would surely bolster our relations.;;;;;;;;;;;;x
return_cores_DLM_title;Return cores to Dalmatia;;;;;;;;;;;;;;;;;;;;x,,
return_cores_DLM_desc;We hold provinces that Dalmatia has claims on. Returning these provinces, as an act of good faith, would surely bolster our relations.;;;;;;;;;;;;x
return_cores_EGY_title;Return cores to Mamluks;;;;;;;;;;;;;;;;;;;;x,,
return_cores_EGY_desc;We hold provinces that Mamluks has claims on. Returning these provinces, as an act of good faith, would surely bolster our relations.;;;;;;;;;;;;x
return_cores_ENG_title;Return cores to Great Britain;;;;;;;;;;;;;;;;;;;;x,,
return_cores_ENG_desc;We hold provinces that Great Britain has claims on. Returning these provinces, as an act of good faith, would surely bolster our relations.;;;;;;;;;;;;x
return_cores_EPI_title;Return cores to Epirus;;;;;;;;;;;;;;;;;;;;x,,
return_cores_EPI_desc;We hold provinces that Epirus has claims on. Returning these provinces, as an act of good faith, would surely bolster our relations.;;;;;;;;;;;;x
return_cores_ETH_title;Return cores to Abyssinia;;;;;;;;;;;;;;;;;;;;x,,
return_cores_ETH_desc;We hold provinces that Abyssinia has claims on. Returning these provinces, as an act of good faith, would surely bolster our relations.;;;;;;;;;;;;x
return_cores_FEO_title;Return cores to Theodoro;;;;;;;;;;;;;;;;;;;;x,,
return_cores_FEO_desc;We hold provinces that Theodoro has claims on. Returning these provinces, as an act of good faith, would surely bolster our relations.;;;;;;;;;;;;x
return_cores_FER_title;Return cores to Ferrara;;;;;;;;;;;;;;;;;;;;x,,
return_cores_FER_desc;We hold provinces that Ferrara has claims on. Returning these provinces, as an act of good faith, would surely bolster our relations.;;;;;;;;;;;;x
return_cores_FIJ_title;Return cores to Viti;;;;;;;;;;;;;;;;;;;;x,,
return_cores_FIJ_desc;We hold provinces that Viti has claims on. Returning these provinces, as an act of good faith, would surely bolster our relations.;;;;;;;;;;;;x
return_cores_FIN_title;Return cores to Finland;;;;;;;;;;;;;;;;;;;;x,,
return_cores_FIN_desc;We hold provinces that Finland has claims on. Returning these provinces, as an act of good faith, would surely bolster our relations.;;;;;;;;;;;;x
return_cores_FLO_title;Return cores to Florence;;;;;;;;;;;;;;;;;;;;x,,
return_cores_FLO_desc;We hold provinces that Florence has claims on. Returning these provinces, as an act of good faith, would surely bolster our relations.;;;;;;;;;;;;x
return_cores_FLR_title;Return cores to Florida;;;;;;;;;;;;;;;;;;;;x,,
return_cores_FLR_desc;We hold provinces that Florida has claims on. Returning these provinces, as an act of good faith, would surely bolster our relations.;;;;;;;;;;;;x
return_cores_FRA_title;Return cores to France;;;;;;;;;;;;;;;;;;;;x,,
return_cores_FRA_desc;We hold provinces that France has claims on. Returning these provinces, as an act of good faith, would surely bolster our relations.;;;;;;;;;;;;x
return_cores_FUL_title;Return cores to Fulo;;;;;;;;;;;;;;;;;;;;x,,
return_cores_FUL_desc;We hold provinces that Fulo has claims on. Returning these provinces, as an act of good faith, would surely bolster our relations.;;;;;;;;;;;;x
return_cores_GEN_title;Return cores to Genoa;;;;;;;;;;;;;;;;;;;;x,,
return_cores_GEN_desc;We hold provinces that Genoa has claims on. Returning these provinces, as an act of good faith, would surely bolster our relations.;;;;;;;;;;;;x
return_cores_GEO_title;Return cores to Georgia;;;;;;;;;;;;;;;;;;;;x,,
return_cores_GEO_desc;We hold provinces that Georgia has claims on. Returning these provinces, as an act of good faith, would surely bolster our relations.;;;;;;;;;;;;x
return_cores_GOC_title;Return cores to Golkonda;;;;;;;;;;;;;;;;;;;;x,,
return_cores_GOC_desc;We hold provinces that Golkonda has claims on. Returning these provinces, as an act of good faith, would surely bolster our relations.;;;;;;;;;;;;x
return_cores_GRE_title;Return cores to Greece;;;;;;;;;;;;;;;;;;;;x,,
return_cores_GRE_desc;We hold provinces that Greece has claims on. Returning these provinces, as an act of good faith, would surely bolster our relations.;;;;;;;;;;;;x
return_cores_GRI_title;Return cores to Guarani;;;;;;;;;;;;;;;;;;;;x,,
return_cores_GRI_desc;We hold provinces that Guarani has claims on. Returning these provinces, as an act of good faith, would surely bolster our relations.;;;;;;;;;;;;x
return_cores_GUJ_title;Return cores to Gujarat;;;;;;;;;;;;;;;;;;;;x,,
return_cores_GUJ_desc;We hold provinces that Gujarat has claims on. Returning these provinces, as an act of good faith, would surely bolster our relations.;;;;;;;;;;;;x
return_cores_HAT_title;Return cores to Hainaut;;;;;;;;;;;;;;;;;;;;x,,
return_cores_HAT_desc;We hold provinces that Hainaut has claims on. Returning these provinces, as an act of good faith, would surely bolster our relations.;;;;;;;;;;;;x
return_cores_HAU_title;Return cores to Hausaland;;;;;;;;;;;;;;;;;;;;x,,
return_cores_HAU_desc;We hold provinces that Hausaland has claims on. Returning these provinces, as an act of good faith, would surely bolster our relations.;;;;;;;;;;;;x
return_cores_HDJ_title;Return cores to Hejaz;;;;;;;;;;;;;;;;;;;;x,,
return_cores_HDJ_desc;We hold provinces that Hejaz has claims on. Returning these provinces, as an act of good faith, would surely bolster our relations.;;;;;;;;;;;;x
return_cores_HSI_title;Return cores to Hsipaw;;;;;;;;;;;;;;;;;;;;x,,
return_cores_HSI_desc;We hold provinces that Hsipaw has claims on. Returning these provinces, as an act of good faith, would surely bolster our relations.;;;;;;;;;;;;x
return_cores_HUA_title;Return cores to Huai;;;;;;;;;;;;;;;;;;;;x,,
return_cores_HUA_desc;We hold provinces that Huai has claims on. Returning these provinces, as an act of good faith, would surely bolster our relations.;;;;;;;;;;;;x
return_cores_HUN_title;Return cores to Hungary;;;;;;;;;;;;;;;;;;;;x,,
return_cores_HUN_desc;We hold provinces that Hungary has claims on. Returning these provinces, as an act of good faith, would surely bolster our relations.;;;;;;;;;;;;x
return_cores_HUR_title;Return cores to Huron;;;;;;;;;;;;;;;;;;;;x,,
return_cores_HUR_desc;We hold provinces that Huron has claims on. Returning these provinces, as an act of good faith, would surely bolster our relations.;;;;;;;;;;;;x
return_cores_ICL_title;Return cores to Iceland;;;;;;;;;;;;;;;;;;;;x,,
return_cores_ICL_desc;We hold provinces that Iceland has claims on. Returning these provinces, as an act of good faith, would surely bolster our relations.;;;;;;;;;;;;x
return_cores_ILL_title;Return cores to Illiniwek;;;;;;;;;;;;;;;;;;;;x,,
return_cores_ILL_desc;We hold provinces that Illiniwek has claims on. Returning these provinces, as an act of good faith, would surely bolster our relations.;;;;;;;;;;;;x
return_cores_IME_title;Return cores to Abkhazia;;;;;;;;;;;;;;;;;;;;x,,
return_cores_IME_desc;We hold provinces that Abkhazia has claims on. Returning these provinces, as an act of good faith, would surely bolster our relations.;;;;;;;;;;;;x
return_cores_ION_title;Return cores to Cephalonia;;;;;;;;;;;;;;;;;;;;x,,
return_cores_ION_desc;We hold provinces that Cephalonia has claims on. Returning these provinces, as an act of good faith, would surely bolster our relations.;;;;;;;;;;;;x
return_cores_IPR_title;Return cores to Indrapura;;;;;;;;;;;;;;;;;;;;x,,
return_cores_IPR_desc;We hold provinces that Indrapura has claims on. Returning these provinces, as an act of good faith, would surely bolster our relations.;;;;;;;;;;;;x
return_cores_IRQ_title;Return cores to Iraq;;;;;;;;;;;;;;;;;;;;x,,
return_cores_IRQ_desc;We hold provinces that Iraq has claims on. Returning these provinces, as an act of good faith, would surely bolster our relations.;;;;;;;;;;;;x
return_cores_ITA_title;Return cores to Italy;;;;;;;;;;;;;;;;;;;;x,,
return_cores_ITA_desc;We hold provinces that Italy has claims on. Returning these provinces, as an act of good faith, would surely bolster our relations.;;;;;;;;;;;;x
return_cores_ITZ_title;Return cores to Itza;;;;;;;;;;;;;;;;;;;;x,,
return_cores_ITZ_desc;We hold provinces that Itza has claims on. Returning these provinces, as an act of good faith, would surely bolster our relations.;;;;;;;;;;;;x
return_cores_JAP_title;Return cores to Japan;;;;;;;;;;;;;;;;;;;;x,,
return_cores_JAP_desc;We hold provinces that Japan has claims on. Returning these provinces, as an act of good faith, would surely bolster our relations.;;;;;;;;;;;;x
return_cores_JGD_title;Return cores to Junagarh;;;;;;;;;;;;;;;;;;;;x,,
return_cores_JGD_desc;We hold provinces that Junagarh has claims on. Returning these provinces, as an act of good faith, would surely bolster our relations.;;;;;;;;;;;;x
return_cores_JIM_title;Return cores to Jimma;;;;;;;;;;;;;;;;;;;;x,,
return_cores_JIM_desc;We hold provinces that Jimma has claims on. Returning these provinces, as an act of good faith, would surely bolster our relations.;;;;;;;;;;;;x
return_cores_JNN_title;Return cores to Jenne;;;;;;;;;;;;;;;;;;;;x,,
return_cores_JNN_desc;We hold provinces that Jenne has claims on. Returning these provinces, as an act of good faith, would surely bolster our relations.;;;;;;;;;;;;x
return_cores_KAF_title;Return cores to Kaffa;;;;;;;;;;;;;;;;;;;;x,,
return_cores_KAF_desc;We hold provinces that Kaffa has claims on. Returning these provinces, as an act of good faith, would surely bolster our relations.;;;;;;;;;;;;x
return_cores_KBO_title;Return cores to Kanem;;;;;;;;;;;;;;;;;;;;x,,
return_cores_KBO_desc;We hold provinces that Kanem has claims on. Returning these provinces, as an act of good faith, would surely bolster our relations.;;;;;;;;;;;;x
return_cores_KHA_title;Return cores to Kokuns;;;;;;;;;;;;;;;;;;;;x,,
return_cores_KHA_desc;We hold provinces that Kokuns has claims on. Returning these provinces, as an act of good faith, would surely bolster our relations.;;;;;;;;;;;;x
return_cores_KHO_title;Return cores to Khorasan;;;;;;;;;;;;;;;;;;;;x,,
return_cores_KHO_desc;We hold provinces that Khorasan has claims on. Returning these provinces, as an act of good faith, would surely bolster our relations.;;;;;;;;;;;;x
return_cores_KIC_title;Return cores to Kiche;;;;;;;;;;;;;;;;;;;;x,,
return_cores_KIC_desc;We hold provinces that Kiche has claims on. Returning these provinces, as an act of good faith, would surely bolster our relations.;;;;;;;;;;;;x
return_cores_KIE_title;Return cores to Kiev;;;;;;;;;;;;;;;;;;;;x,,
return_cores_KIE_desc;We hold provinces that Kiev has claims on. Returning these provinces, as an act of good faith, would surely bolster our relations.;;;;;;;;;;;;x
return_cores_KIO_title;Return cores to Kiowa;;;;;;;;;;;;;;;;;;;;x,,
return_cores_KIO_desc;We hold provinces that Kiowa has claims on. Returning these provinces, as an act of good faith, would surely bolster our relations.;;;;;;;;;;;;x
return_cores_KLK_title;Return cores to Khalkha;;;;;;;;;;;;;;;;;;;;x,,
return_cores_KLK_desc;We hold provinces that Khalkha has claims on. Returning these provinces, as an act of good faith, would surely bolster our relations.;;;;;;;;;;;;x
return_cores_KOK_title;Return cores to Ferghana;;;;;;;;;;;;;;;;;;;;x,,
return_cores_KOK_desc;We hold provinces that Ferghana has claims on. Returning these provinces, as an act of good faith, would surely bolster our relations.;;;;;;;;;;;;x
return_cores_KON_title;Return cores to Kongo;;;;;;;;;;;;;;;;;;;;x,,
return_cores_KON_desc;We hold provinces that Kongo has claims on. Returning these provinces, as an act of good faith, would surely bolster our relations.;;;;;;;;;;;;x
return_cores_KOR_title;Return cores to Korea;;;;;;;;;;;;;;;;;;;;x,,
return_cores_KOR_desc;We hold provinces that Korea has claims on. Returning these provinces, as an act of good faith, would surely bolster our relations.;;;;;;;;;;;;x
return_cores_KRC_title;Return cores to Korchin;;;;;;;;;;;;;;;;;;;;x,,
return_cores_KRC_desc;We hold provinces that Korchin has claims on. Returning these provinces, as an act of good faith, would surely bolster our relations.;;;;;;;;;;;;x
return_cores_KRM_title;Return cores to Isauria;;;;;;;;;;;;;;;;;;;;x,,
return_cores_KRM_desc;We hold provinces that Isauria has claims on. Returning these provinces, as an act of good faith, would surely bolster our relations.;;;;;;;;;;;;x
return_cores_KRW_title;Return cores to Karagwe;;;;;;;;;;;;;;;;;;;;x,,
return_cores_KRW_desc;We hold provinces that Karagwe has claims on. Returning these provinces, as an act of good faith, would surely bolster our relations.;;;;;;;;;;;;x
return_cores_KSJ_title;Return cores to Kasanje;;;;;;;;;;;;;;;;;;;;x,,
return_cores_KSJ_desc;We hold provinces that Kasanje has claims on. Returning these provinces, as an act of good faith, would surely bolster our relations.;;;;;;;;;;;;x
return_cores_KUB_title;Return cores to Kuba;;;;;;;;;;;;;;;;;;;;x,,
return_cores_KUB_desc;We hold provinces that Kuba has claims on. Returning these provinces, as an act of good faith, would surely bolster our relations.;;;;;;;;;;;;x
return_cores_KWN_title;Return cores to Mong Kawng;;;;;;;;;;;;;;;;;;;;x,,
return_cores_KWN_desc;We hold provinces that Mong Kawng has claims on. Returning these provinces, as an act of good faith, would surely bolster our relations.;;;;;;;;;;;;x
return_cores_KZB_title;Return cores to Kazembe;;;;;;;;;;;;;;;;;;;;x,,
return_cores_KZB_desc;We hold provinces that Kazembe has claims on. Returning these provinces, as an act of good faith, would surely bolster our relations.;;;;;;;;;;;;x
return_cores_LAC_title;Return cores to Tzotzil;;;;;;;;;;;;;;;;;;;;x,,
return_cores_LAC_desc;We hold provinces that Tzotzil has claims on. Returning these provinces, as an act of good faith, would surely bolster our relations.;;;;;;;;;;;;x
return_cores_LBA_title;Return cores to Luba;;;;;;;;;;;;;;;;;;;;x,,
return_cores_LBA_desc;We hold provinces that Luba has claims on. Returning these provinces, as an act of good faith, would surely bolster our relations.;;;;;;;;;;;;x
return_cores_LBN_title;Return cores to Lebanon;;;;;;;;;;;;;;;;;;;;x,,
return_cores_LBN_desc;We hold provinces that Lebanon has claims on. Returning these provinces, as an act of good faith, would surely bolster our relations.;;;;;;;;;;;;x
return_cores_LNA_title;Return cores to Lan Na;;;;;;;;;;;;;;;;;;;;x,,
return_cores_LNA_desc;We hold provinces that Lan Na has claims on. Returning these provinces, as an act of good faith, would surely bolster our relations.;;;;;;;;;;;;x
return_cores_LOM_title;Return cores to Lombardy;;;;;;;;;;;;;;;;;;;;x,,
return_cores_LOM_desc;We hold provinces that Lombardy has claims on. Returning these provinces, as an act of good faith, would surely bolster our relations.;;;;;;;;;;;;x
return_cores_LOT_title;Return cores to Lotharingia;;;;;;;;;;;;;;;;;;;;x,,
return_cores_LOT_desc;We hold provinces that Lotharingia has claims on. Returning these provinces, as an act of good faith, would surely bolster our relations.;;;;;;;;;;;;x
return_cores_LOU_title;Return cores to Louisiana;;;;;;;;;;;;;;;;;;;;x,,
return_cores_LOU_desc;We hold provinces that Louisiana has claims on. Returning these provinces, as an act of good faith, would surely bolster our relations.;;;;;;;;;;;;x
return_cores_LSK_title;Return cores to Kita Kaigan;;;;;;;;;;;;;;;;;;;;x,,
return_cores_LSK_desc;We hold provinces that Kita Kaigan has claims on. Returning these provinces, as an act of good faith, would surely bolster our relations.;;;;;;;;;;;;x
return_cores_LUA_title;Return cores to Luang Prabang;;;;;;;;;;;;;;;;;;;;x,,
return_cores_LUA_desc;We hold provinces that Luang Prabang has claims on. Returning these provinces, as an act of good faith, would surely bolster our relations.;;;;;;;;;;;;x
return_cores_LUN_title;Return cores to Lunda;;;;;;;;;;;;;;;;;;;;x,,
return_cores_LUN_desc;We hold provinces that Lunda has claims on. Returning these provinces, as an act of good faith, would surely bolster our relations.;;;;;;;;;;;;x
return_cores_LUZ_title;Return cores to Lusatia;;;;;;;;;;;;;;;;;;;;x,,
return_cores_LUZ_desc;We hold provinces that Lusatia has claims on. Returning these provinces, as an act of good faith, would surely bolster our relations.;;;;;;;;;;;;x
return_cores_MBA_title;Return cores to Mombasa;;;;;;;;;;;;;;;;;;;;x,,
return_cores_MBA_desc;We hold provinces that Mombasa has claims on. Returning these provinces, as an act of good faith, would surely bolster our relations.;;;;;;;;;;;;x
return_cores_MCA_title;Return cores to Muisca;;;;;;;;;;;;;;;;;;;;x,,
return_cores_MCA_desc;We hold provinces that Muisca has claims on. Returning these provinces, as an act of good faith, would surely bolster our relations.;;;;;;;;;;;;x
return_cores_MCK_title;Return cores to Manchu;;;;;;;;;;;;;;;;;;;;x,,
return_cores_MCK_desc;We hold provinces that Manchu has claims on. Returning these provinces, as an act of good faith, would surely bolster our relations.;;;;;;;;;;;;x
return_cores_MDI_title;Return cores to Mogadishu;;;;;;;;;;;;;;;;;;;;x,,
return_cores_MDI_desc;We hold provinces that Mogadishu has claims on. Returning these provinces, as an act of good faith, would surely bolster our relations.;;;;;;;;;;;;x
return_cores_MEW_title;Return cores to Mewar;;;;;;;;;;;;;;;;;;;;x,,
return_cores_MEW_desc;We hold provinces that Mewar has claims on. Returning these provinces, as an act of good faith, would surely bolster our relations.;;;;;;;;;;;;x
return_cores_MEX_title;Return cores to Mexico;;;;;;;;;;;;;;;;;;;;x,,
return_cores_MEX_desc;We hold provinces that Mexico has claims on. Returning these provinces, as an act of good faith, would surely bolster our relations.;;;;;;;;;;;;x
return_cores_MHC_title;Return cores to Mahican;;;;;;;;;;;;;;;;;;;;x,,
return_cores_MHC_desc;We hold provinces that Mahican has claims on. Returning these provinces, as an act of good faith, would surely bolster our relations.;;;;;;;;;;;;x
return_cores_MIX_title;Return cores to Mixtec;;;;;;;;;;;;;;;;;;;;x,,
return_cores_MIX_desc;We hold provinces that Mixtec has claims on. Returning these provinces, as an act of good faith, would surely bolster our relations.;;;;;;;;;;;;x
return_cores_MJP_title;Return cores to Majapahit;;;;;;;;;;;;;;;;;;;;x,,
return_cores_MJP_desc;We hold provinces that Majapahit has claims on. Returning these provinces, as an act of good faith, would surely bolster our relations.;;;;;;;;;;;;x
return_cores_MKS_title;Return cores to Makassar;;;;;;;;;;;;;;;;;;;;x,,
return_cores_MKS_desc;We hold provinces that Makassar has claims on. Returning these provinces, as an act of good faith, would surely bolster our relations.;;;;;;;;;;;;x
return_cores_MKU_title;Return cores to Makua;;;;;;;;;;;;;;;;;;;;x,,
return_cores_MKU_desc;We hold provinces that Makua has claims on. Returning these provinces, as an act of good faith, would surely bolster our relations.;;;;;;;;;;;;x
return_cores_MLC_title;Return cores to Malacca;;;;;;;;;;;;;;;;;;;;x,,
return_cores_MLC_desc;We hold provinces that Malacca has claims on. Returning these provinces, as an act of good faith, would surely bolster our relations.;;;;;;;;;;;;x
return_cores_MLW_title;Return cores to Maravi;;;;;;;;;;;;;;;;;;;;x,,
return_cores_MLW_desc;We hold provinces that Maravi has claims on. Returning these provinces, as an act of good faith, would surely bolster our relations.;;;;;;;;;;;;x
return_cores_MNI_title;Return cores to Mong Nai;;;;;;;;;;;;;;;;;;;;x,,
return_cores_MNI_desc;We hold provinces that Mong Nai has claims on. Returning these provinces, as an act of good faith, would surely bolster our relations.;;;;;;;;;;;;x
return_cores_MNX_title;Return cores to Ming;;;;;;;;;;;;;;;;;;;;x,,
return_cores_MNX_desc;We hold provinces that Ming has claims on. Returning these provinces, as an act of good faith, would surely bolster our relations.;;;;;;;;;;;;x
return_cores_MOD_title;Return cores to Emilia;;;;;;;;;;;;;;;;;;;;x,,
return_cores_MOD_desc;We hold provinces that Emilia has claims on. Returning these provinces, as an act of good faith, would surely bolster our relations.;;;;;;;;;;;;x
return_cores_MOR_title;Return cores to Maghreb;;;;;;;;;;;;;;;;;;;;x,,
return_cores_MOR_desc;We hold provinces that Maghreb has claims on. Returning these provinces, as an act of good faith, would surely bolster our relations.;;;;;;;;;;;;x
return_cores_MPC_title;Return cores to Mapuche;;;;;;;;;;;;;;;;;;;;x,,
return_cores_MPC_desc;We hold provinces that Mapuche has claims on. Returning these provinces, as an act of good faith, would surely bolster our relations.;;;;;;;;;;;;x
return_cores_MRT_title;Return cores to Marathas;;;;;;;;;;;;;;;;;;;;x,,
return_cores_MRT_desc;We hold provinces that Marathas has claims on. Returning these provinces, as an act of good faith, would surely bolster our relations.;;;;;;;;;;;;x
return_cores_MSH_title;Return cores to Meshchyora;;;;;;;;;;;;;;;;;;;;x,,
return_cores_MSH_desc;We hold provinces that Meshchyora has claims on. Returning these provinces, as an act of good faith, would surely bolster our relations.;;;;;;;;;;;;x
return_cores_MTL_title;Return cores to Matlatzinca;;;;;;;;;;;;;;;;;;;;x,,
return_cores_MTL_desc;We hold provinces that Matlatzinca has claims on. Returning these provinces, as an act of good faith, would surely bolster our relations.;;;;;;;;;;;;x
return_cores_MUS_title;Return cores to Muscovy;;;;;;;;;;;;;;;;;;;;x,,
return_cores_MUS_desc;We hold provinces that Muscovy has claims on. Returning these provinces, as an act of good faith, would surely bolster our relations.;;;;;;;;;;;;x
return_cores_MYS_title;Return cores to Mysore;;;;;;;;;;;;;;;;;;;;x,,
return_cores_MYS_desc;We hold provinces that Mysore has claims on. Returning these provinces, as an act of good faith, would surely bolster our relations.;;;;;;;;;;;;x
return_cores_NAH_title;Return cores to Navajo;;;;;;;;;;;;;;;;;;;;x,,
return_cores_NAH_desc;We hold provinces that Navajo has claims on. Returning these provinces, as an act of good faith, would surely bolster our relations.;;;;;;;;;;;;x
return_cores_NDO_title;Return cores to Ndongo;;;;;;;;;;;;;;;;;;;;x,,
return_cores_NDO_desc;We hold provinces that Ndongo has claims on. Returning these provinces, as an act of good faith, would surely bolster our relations.;;;;;;;;;;;;x
return_cores_NET_title;Return cores to Netherlands;;;;;;;;;;;;;;;;;;;;x,,
return_cores_NET_desc;We hold provinces that Netherlands has claims on. Returning these provinces, as an act of good faith, would surely bolster our relations.;;;;;;;;;;;;x
return_cores_NEW_title;Return cores to Canada;;;;;;;;;;;;;;;;;;;;x,,
return_cores_NEW_desc;We hold provinces that Canada has claims on. Returning these provinces, as an act of good faith, would surely bolster our relations.;;;;;;;;;;;;x
return_cores_NHY_title;Return cores to Nehiyaw;;;;;;;;;;;;;;;;;;;;x,,
return_cores_NHY_desc;We hold provinces that Nehiyaw has claims on. Returning these provinces, as an act of good faith, would surely bolster our relations.;;;;;;;;;;;;x
return_cores_NKO_title;Return cores to Nkore;;;;;;;;;;;;;;;;;;;;x,,
return_cores_NKO_desc;We hold provinces that Nkore has claims on. Returning these provinces, as an act of good faith, would surely bolster our relations.;;;;;;;;;;;;x
return_cores_NOG_title;Return cores to Nogai;;;;;;;;;;;;;;;;;;;;x,,
return_cores_NOG_desc;We hold provinces that Nogai has claims on. Returning these provinces, as an act of good faith, would surely bolster our relations.;;;;;;;;;;;;x
return_cores_NOR_title;Return cores to Norway;;;;;;;;;;;;;;;;;;;;x,,
return_cores_NOR_desc;We hold provinces that Norway has claims on. Returning these provinces, as an act of good faith, would surely bolster our relations.;;;;;;;;;;;;x
return_cores_NUP_title;Return cores to Nupe;;;;;;;;;;;;;;;;;;;;x,,
return_cores_NUP_desc;We hold provinces that Nupe has claims on. Returning these provinces, as an act of good faith, would surely bolster our relations.;;;;;;;;;;;;x
return_cores_NVK_title;Return cores to Nivkh;;;;;;;;;;;;;;;;;;;;x,,
return_cores_NVK_desc;We hold provinces that Nivkh has claims on. Returning these provinces, as an act of good faith, would surely bolster our relations.;;;;;;;;;;;;x
return_cores_NZA_title;Return cores to Ngati Ranginui;;;;;;;;;;;;;;;;;;;;x,,
return_cores_NZA_desc;We hold provinces that Ngati Ranginui has claims on. Returning these provinces, as an act of good faith, would surely bolster our relations.;;;;;;;;;;;;x
return_cores_NZK_title;Return cores to Ngati Kahungunu;;;;;;;;;;;;;;;;;;;;x,,
return_cores_NZK_desc;We hold provinces that Ngati Kahungunu has claims on. Returning these provinces, as an act of good faith, would surely bolster our relations.;;;;;;;;;;;;x
return_cores_NZM_title;Return cores to Ngati Awa;;;;;;;;;;;;;;;;;;;;x,,
return_cores_NZM_desc;We hold provinces that Ngati Awa has claims on. Returning these provinces, as an act of good faith, would surely bolster our relations.;;;;;;;;;;;;x
return_cores_NZN_title;Return cores to Tainui;;;;;;;;;;;;;;;;;;;;x,,
return_cores_NZN_desc;We hold provinces that Tainui has claims on. Returning these provinces, as an act of good faith, would surely bolster our relations.;;;;;;;;;;;;x
return_cores_NZR_title;Return cores to Ngati Toa;;;;;;;;;;;;;;;;;;;;x,,
return_cores_NZR_desc;We hold provinces that Ngati Toa has claims on. Returning these provinces, as an act of good faith, would surely bolster our relations.;;;;;;;;;;;;x
return_cores_NZT_title;Return cores to Ngapuhi;;;;;;;;;;;;;;;;;;;;x,,
return_cores_NZT_desc;We hold provinces that Ngapuhi has claims on. Returning these provinces, as an act of good faith, would surely bolster our relations.;;;;;;;;;;;;x
return_cores_OEO_title;Return cores to Oneota;;;;;;;;;;;;;;;;;;;;x,,
return_cores_OEO_desc;We hold provinces that Oneota has claims on. Returning these provinces, as an act of good faith, would surely bolster our relations.;;;;;;;;;;;;x
return_cores_OMA_title;Return cores to Oman;;;;;;;;;;;;;;;;;;;;x,,
return_cores_OMA_desc;We hold provinces that Oman has claims on. Returning these provinces, as an act of good faith, would surely bolster our relations.;;;;;;;;;;;;x
return_cores_OSA_title;Return cores to Osage;;;;;;;;;;;;;;;;;;;;x,,
return_cores_OSA_desc;We hold provinces that Osage has claims on. Returning these provinces, as an act of good faith, would surely bolster our relations.;;;;;;;;;;;;x
return_cores_OSH_title;Return cores to Osheaga;;;;;;;;;;;;;;;;;;;;x,,
return_cores_OSH_desc;We hold provinces that Osheaga has claims on. Returning these provinces, as an act of good faith, would surely bolster our relations.;;;;;;;;;;;;x
return_cores_OTM_title;Return cores to Otomo;;;;;;;;;;;;;;;;;;;;x,,
return_cores_OTM_desc;We hold provinces that Otomo has claims on. Returning these provinces, as an act of good faith, would surely bolster our relations.;;;;;;;;;;;;x
return_cores_OYO_title;Return cores to Oyo;;;;;;;;;;;;;;;;;;;;x,,
return_cores_OYO_desc;We hold provinces that Oyo has claims on. Returning these provinces, as an act of good faith, would surely bolster our relations.;;;;;;;;;;;;x
return_cores_PAW_title;Return cores to Pawnee;;;;;;;;;;;;;;;;;;;;x,,
return_cores_PAW_desc;We hold provinces that Pawnee has claims on. Returning these provinces, as an act of good faith, would surely bolster our relations.;;;;;;;;;;;;x
return_cores_PCH_title;Return cores to Pecheneg;;;;;;;;;;;;;;;;;;;;x,,
return_cores_PCH_desc;We hold provinces that Pecheneg has claims on. Returning these provinces, as an act of good faith, would surely bolster our relations.;;;;;;;;;;;;x
return_cores_PER_title;Return cores to Persia;;;;;;;;;;;;;;;;;;;;x,,
return_cores_PER_desc;We hold provinces that Persia has claims on. Returning these provinces, as an act of good faith, would surely bolster our relations.;;;;;;;;;;;;x
return_cores_PEU_title;Return cores to Peru;;;;;;;;;;;;;;;;;;;;x,,
return_cores_PEU_desc;We hold provinces that Peru has claims on. Returning these provinces, as an act of good faith, would surely bolster our relations.;;;;;;;;;;;;x
return_cores_PGR_title;Return cores to Pagarruyung;;;;;;;;;;;;;;;;;;;;x,,
return_cores_PGR_desc;We hold provinces that Pagarruyung has claims on. Returning these provinces, as an act of good faith, would surely bolster our relations.;;;;;;;;;;;;x
return_cores_PIM_title;Return cores to Pima;;;;;;;;;;;;;;;;;;;;x,,
return_cores_PIM_desc;We hold provinces that Pima has claims on. Returning these provinces, as an act of good faith, would surely bolster our relations.;;;;;;;;;;;;x
return_cores_PLB_title;Return cores to Palembang;;;;;;;;;;;;;;;;;;;;x,,
return_cores_PLB_desc;We hold provinces that Palembang has claims on. Returning these provinces, as an act of good faith, would surely bolster our relations.;;;;;;;;;;;;x
return_cores_PLT_title;Return cores to Polotsk;;;;;;;;;;;;;;;;;;;;x,,
return_cores_PLT_desc;We hold provinces that Polotsk has claims on. Returning these provinces, as an act of good faith, would surely bolster our relations.;;;;;;;;;;;;x
return_cores_PNJ_title;Return cores to Punjab;;;;;;;;;;;;;;;;;;;;x,,
return_cores_PNJ_desc;We hold provinces that Punjab has claims on. Returning these provinces, as an act of good faith, would surely bolster our relations.;;;;;;;;;;;;x
return_cores_POL_title;Return cores to Poland;;;;;;;;;;;;;;;;;;;;x,,
return_cores_POL_desc;We hold provinces that Poland has claims on. Returning these provinces, as an act of good faith, would surely bolster our relations.;;;;;;;;;;;;x
return_cores_POM_title;Return cores to Pomerania;;;;;;;;;;;;;;;;;;;;x,,
return_cores_POM_desc;We hold provinces that Pomerania has claims on. Returning these provinces, as an act of good faith, would surely bolster our relations.;;;;;;;;;;;;x
return_cores_POT_title;Return cores to Potawatomi;;;;;;;;;;;;;;;;;;;;x,,
return_cores_POT_desc;We hold provinces that Potawatomi has claims on. Returning these provinces, as an act of good faith, would surely bolster our relations.;;;;;;;;;;;;x
return_cores_PRM_title;Return cores to Perm;;;;;;;;;;;;;;;;;;;;x,,
return_cores_PRM_desc;We hold provinces that Perm has claims on. Returning these provinces, as an act of good faith, would surely bolster our relations.;;;;;;;;;;;;x
return_cores_PRO_title;Return cores to Provence;;;;;;;;;;;;;;;;;;;;x,,
return_cores_PRO_desc;We hold provinces that Provence has claims on. Returning these provinces, as an act of good faith, would surely bolster our relations.;;;;;;;;;;;;x
return_cores_PRT_title;Return cores to Pruthenia;;;;;;;;;;;;;;;;;;;;x,,
return_cores_PRT_desc;We hold provinces that Pruthenia has claims on. Returning these provinces, as an act of good faith, would surely bolster our relations.;;;;;;;;;;;;x
return_cores_PRU_title;Return cores to Prussia;;;;;;;;;;;;;;;;;;;;x,,
return_cores_PRU_desc;We hold provinces that Prussia has claims on. Returning these provinces, as an act of good faith, would surely bolster our relations.;;;;;;;;;;;;x
return_cores_PSA_title;Return cores to Pasai;;;;;;;;;;;;;;;;;;;;x,,
return_cores_PSA_desc;We hold provinces that Pasai has claims on. Returning these provinces, as an act of good faith, would surely bolster our relations.;;;;;;;;;;;;x
return_cores_QIC_title;Return cores to Qi;;;;;;;;;;;;;;;;;;;;x,,
return_cores_QIC_desc;We hold provinces that Qi has claims on. Returning these provinces, as an act of good faith, would surely bolster our relations.;;;;;;;;;;;;x
return_cores_QTO_title;Return cores to Quito;;;;;;;;;;;;;;;;;;;;x,,
return_cores_QTO_desc;We hold provinces that Quito has claims on. Returning these provinces, as an act of good faith, would surely bolster our relations.;;;;;;;;;;;;x
return_cores_QUE_title;Return cores to Quebec;;;;;;;;;;;;;;;;;;;;x,,
return_cores_QUE_desc;We hold provinces that Quebec has claims on. Returning these provinces, as an act of good faith, would surely bolster our relations.;;;;;;;;;;;;x
return_cores_RDL_title;Return cores to Ardalan;;;;;;;;;;;;;;;;;;;;x,,
return_cores_RDL_desc;We hold provinces that Ardalan has claims on. Returning these provinces, as an act of good faith, would surely bolster our relations.;;;;;;;;;;;;x
return_cores_RUS_title;Return cores to Russia;;;;;;;;;;;;;;;;;;;;x,,
return_cores_RUS_desc;We hold provinces that Russia has claims on. Returning these provinces, as an act of good faith, would surely bolster our relations.;;;;;;;;;;;;x
return_cores_RWA_title;Return cores to Rwanda;;;;;;;;;;;;;;;;;;;;x,,
return_cores_RWA_desc;We hold provinces that Rwanda has claims on. Returning these provinces, as an act of good faith, would surely bolster our relations.;;;;;;;;;;;;x
return_cores_RYA_title;Return cores to Ryazan;;;;;;;;;;;;;;;;;;;;x,,
return_cores_RYA_desc;We hold provinces that Ryazan has claims on. Returning these provinces, as an act of good faith, would surely bolster our relations.;;;;;;;;;;;;x
return_cores_SCO_title;Return cores to Scotland;;;;;;;;;;;;;;;;;;;;x,,
return_cores_SCO_desc;We hold provinces that Scotland has claims on. Returning these provinces, as an act of good faith, would surely bolster our relations.;;;;;;;;;;;;x
return_cores_SER_title;Return cores to Serbia;;;;;;;;;;;;;;;;;;;;x,,
return_cores_SER_desc;We hold provinces that Serbia has claims on. Returning these provinces, as an act of good faith, would surely bolster our relations.;;;;;;;;;;;;x
return_cores_SHS_title;Return cores to Shoshone;;;;;;;;;;;;;;;;;;;;x,,
return_cores_SHS_desc;We hold provinces that Shoshone has claims on. Returning these provinces, as an act of good faith, would surely bolster our relations.;;;;;;;;;;;;x
return_cores_SHY_title;Return cores to Uzbek;;;;;;;;;;;;;;;;;;;;x,,
return_cores_SHY_desc;We hold provinces that Uzbek has claims on. Returning these provinces, as an act of good faith, would surely bolster our relations.;;;;;;;;;;;;x
return_cores_SIA_title;Return cores to Ayutthaya;;;;;;;;;;;;;;;;;;;;x,,
return_cores_SIA_desc;We hold provinces that Ayutthaya has claims on. Returning these provinces, as an act of good faith, would surely bolster our relations.;;;;;;;;;;;;x
return_cores_SIC_title;Return cores to Sicily;;;;;;;;;;;;;;;;;;;;x,,
return_cores_SIC_desc;We hold provinces that Sicily has claims on. Returning these provinces, as an act of good faith, would surely bolster our relations.;;;;;;;;;;;;x
return_cores_SIN_title;Return cores to Sindh;;;;;;;;;;;;;;;;;;;;x,,
return_cores_SIN_desc;We hold provinces that Sindh has claims on. Returning these provinces, as an act of good faith, would surely bolster our relations.;;;;;;;;;;;;x
return_cores_SIO_title;Return cores to Sioux;;;;;;;;;;;;;;;;;;;;x,,
return_cores_SIO_desc;We hold provinces that Sioux has claims on. Returning these provinces, as an act of good faith, would surely bolster our relations.;;;;;;;;;;;;x
return_cores_SKA_title;Return cores to Sakalava;;;;;;;;;;;;;;;;;;;;x,,
return_cores_SKA_desc;We hold provinces that Sakalava has claims on. Returning these provinces, as an act of good faith, would surely bolster our relations.;;;;;;;;;;;;x
return_cores_SLV_title;Return cores to Nitra;;;;;;;;;;;;;;;;;;;;x,,
return_cores_SLV_desc;We hold provinces that Nitra has claims on. Returning these provinces, as an act of good faith, would surely bolster our relations.;;;;;;;;;;;;x
return_cores_SMB_title;Return cores to Sambas;;;;;;;;;;;;;;;;;;;;x,,
return_cores_SMB_desc;We hold provinces that Sambas has claims on. Returning these provinces, as an act of good faith, would surely bolster our relations.;;;;;;;;;;;;x
return_cores_SME_title;Return cores to Tao-Klarjeti;;;;;;;;;;;;;;;;;;;;x,,
return_cores_SME_desc;We hold provinces that Tao-Klarjeti has claims on. Returning these provinces, as an act of good faith, would surely bolster our relations.;;;;;;;;;;;;x
return_cores_SMI_title;Return cores to Sapmi;;;;;;;;;;;;;;;;;;;;x,,
return_cores_SMI_desc;We hold provinces that Sapmi has claims on. Returning these provinces, as an act of good faith, would surely bolster our relations.;;;;;;;;;;;;x
return_cores_SMO_title;Return cores to Samoa;;;;;;;;;;;;;;;;;;;;x,,
return_cores_SMO_desc;We hold provinces that Samoa has claims on. Returning these provinces, as an act of good faith, would surely bolster our relations.;;;;;;;;;;;;x
return_cores_SNZ_title;Return cores to Waitaha;;;;;;;;;;;;;;;;;;;;x,,
return_cores_SNZ_desc;We hold provinces that Waitaha has claims on. Returning these provinces, as an act of good faith, would surely bolster our relations.;;;;;;;;;;;;x
return_cores_SOL_title;Return cores to Solon;;;;;;;;;;;;;;;;;;;;x,,
return_cores_SOL_desc;We hold provinces that Solon has claims on. Returning these provinces, as an act of good faith, would surely bolster our relations.;;;;;;;;;;;;x
return_cores_SON_title;Return cores to Sonora;;;;;;;;;;;;;;;;;;;;x,,
return_cores_SON_desc;We hold provinces that Sonora has claims on. Returning these provinces, as an act of good faith, would surely bolster our relations.;;;;;;;;;;;;x
return_cores_SPA_title;Return cores to Hispania;;;;;;;;;;;;;;;;;;;;x,,
return_cores_SPA_desc;We hold provinces that Hispania has claims on. Returning these provinces, as an act of good faith, would surely bolster our relations.;;;;;;;;;;;;x
return_cores_SRI_title;Return cores to Lanka;;;;;;;;;;;;;;;;;;;;x,,
return_cores_SRI_desc;We hold provinces that Lanka has claims on. Returning these provinces, as an act of good faith, would surely bolster our relations.;;;;;;;;;;;;x
return_cores_SUD_title;Return cores to Nubia;;;;;;;;;;;;;;;;;;;;x,,
return_cores_SUD_desc;We hold provinces that Nubia has claims on. Returning these provinces, as an act of good faith, would surely bolster our relations.;;;;;;;;;;;;x
return_cores_SUL_title;Return cores to Sulu;;;;;;;;;;;;;;;;;;;;x,,
return_cores_SUL_desc;We hold provinces that Sulu has claims on. Returning these provinces, as an act of good faith, would surely bolster our relations.;;;;;;;;;;;;x
return_cores_SUN_title;Return cores to Sunda;;;;;;;;;;;;;;;;;;;;x,,
return_cores_SUN_desc;We hold provinces that Sunda has claims on. Returning these provinces, as an act of good faith, would surely bolster our relations.;;;;;;;;;;;;x
return_cores_SUS_title;Return cores to Susquehannock;;;;;;;;;;;;;;;;;;;;x,,
return_cores_SUS_desc;We hold provinces that Susquehannock has claims on. Returning these provinces, as an act of good faith, would surely bolster our relations.;;;;;;;;;;;;x
return_cores_SVY_title;Return cores to Savoy;;;;;;;;;;;;;;;;;;;;x,,
return_cores_SVY_desc;We hold provinces that Savoy has claims on. Returning these provinces, as an act of good faith, would surely bolster our relations.;;;;;;;;;;;;x
return_cores_SWA_title;Return cores to Kilwa;;;;;;;;;;;;;;;;;;;;x,,
return_cores_SWA_desc;We hold provinces that Kilwa has claims on. Returning these provinces, as an act of good faith, would surely bolster our relations.;;;;;;;;;;;;x
return_cores_SWE_title;Return cores to Sweden;;;;;;;;;;;;;;;;;;;;x,,
return_cores_SWE_desc;We hold provinces that Sweden has claims on. Returning these provinces, as an act of good faith, would surely bolster our relations.;;;;;;;;;;;;x
return_cores_SYC_title;Return cores to Sicily;;;;;;;;;;;;;;;;;;;;x,,
return_cores_SYC_desc;We hold provinces that Sicily has claims on. Returning these provinces, as an act of good faith, would surely bolster our relations.;;;;;;;;;;;;x
return_cores_SYG_title;Return cores to Ganzhou;;;;;;;;;;;;;;;;;;;;x,,
return_cores_SYG_desc;We hold provinces that Ganzhou has claims on. Returning these provinces, as an act of good faith, would surely bolster our relations.;;;;;;;;;;;;x
return_cores_SYR_title;Return cores to Syria;;;;;;;;;;;;;;;;;;;;x,,
return_cores_SYR_desc;We hold provinces that Syria has claims on. Returning these provinces, as an act of good faith, would surely bolster our relations.;;;;;;;;;;;;x
return_cores_TAB_title;Return cores to Mazandaran;;;;;;;;;;;;;;;;;;;;x,,
return_cores_TAB_desc;We hold provinces that Mazandaran has claims on. Returning these provinces, as an act of good faith, would surely bolster our relations.;;;;;;;;;;;;x
return_cores_TBZ_title;Return cores to Trapezous;;;;;;;;;;;;;;;;;;;;x,,
return_cores_TBZ_desc;We hold provinces that Trapezous has claims on. Returning these provinces, as an act of good faith, would surely bolster our relations.;;;;;;;;;;;;x
return_cores_TGA_title;Return cores to Tonga;;;;;;;;;;;;;;;;;;;;x,,
return_cores_TGA_desc;We hold provinces that Tonga has claims on. Returning these provinces, as an act of good faith, would surely bolster our relations.;;;;;;;;;;;;x
return_cores_TID_title;Return cores to Tidore;;;;;;;;;;;;;;;;;;;;x,,
return_cores_TID_desc;We hold provinces that Tidore has claims on. Returning these provinces, as an act of good faith, would surely bolster our relations.;;;;;;;;;;;;x
return_cores_TIW_title;Return cores to Tiwi;;;;;;;;;;;;;;;;;;;;x,,
return_cores_TIW_desc;We hold provinces that Tiwi has claims on. Returning these provinces, as an act of good faith, would surely bolster our relations.;;;;;;;;;;;;x
return_cores_TOK_title;Return cores to Tonkin;;;;;;;;;;;;;;;;;;;;x,,
return_cores_TOK_desc;We hold provinces that Tonkin has claims on. Returning these provinces, as an act of good faith, would surely bolster our relations.;;;;;;;;;;;;x
return_cores_TPQ_title;Return cores to Tupiniquim;;;;;;;;;;;;;;;;;;;;x,,
return_cores_TPQ_desc;We hold provinces that Tupiniquim has claims on. Returning these provinces, as an act of good faith, would surely bolster our relations.;;;;;;;;;;;;x
return_cores_TRS_title;Return cores to Tarascan;;;;;;;;;;;;;;;;;;;;x,,
return_cores_TRS_desc;We hold provinces that Tarascan has claims on. Returning these provinces, as an act of good faith, would surely bolster our relations.;;;;;;;;;;;;x
return_cores_TRT_title;Return cores to Tirhut;;;;;;;;;;;;;;;;;;;;x,,
return_cores_TRT_desc;We hold provinces that Tirhut has claims on. Returning these provinces, as an act of good faith, would surely bolster our relations.;;;;;;;;;;;;x
return_cores_TTE_title;Return cores to Ternate;;;;;;;;;;;;;;;;;;;;x,,
return_cores_TTE_desc;We hold provinces that Ternate has claims on. Returning these provinces, as an act of good faith, would surely bolster our relations.;;;;;;;;;;;;x
return_cores_TUA_title;Return cores to Tapuia;;;;;;;;;;;;;;;;;;;;x,,
return_cores_TUA_desc;We hold provinces that Tapuia has claims on. Returning these provinces, as an act of good faith, would surely bolster our relations.;;;;;;;;;;;;x
return_cores_TUN_title;Return cores to Tunis;;;;;;;;;;;;;;;;;;;;x,,
return_cores_TUN_desc;We hold provinces that Tunis has claims on. Returning these provinces, as an act of good faith, would surely bolster our relations.;;;;;;;;;;;;x
return_cores_TUS_title;Return cores to Tuscany;;;;;;;;;;;;;;;;;;;;x,,
return_cores_TUS_desc;We hold provinces that Tuscany has claims on. Returning these provinces, as an act of good faith, would surely bolster our relations.;;;;;;;;;;;;x
return_cores_UBH_title;Return cores to Buha;;;;;;;;;;;;;;;;;;;;x,,
return_cores_UBH_desc;We hold provinces that Buha has claims on. Returning these provinces, as an act of good faith, would surely bolster our relations.;;;;;;;;;;;;x
return_cores_URB_title;Return cores to Urbino;;;;;;;;;;;;;;;;;;;;x,,
return_cores_URB_desc;We hold provinces that Urbino has claims on. Returning these provinces, as an act of good faith, would surely bolster our relations.;;;;;;;;;;;;x
return_cores_USA_title;Return cores to United States;;;;;;;;;;;;;;;;;;;;x,,
return_cores_USA_desc;We hold provinces that United States has claims on. Returning these provinces, as an act of good faith, would surely bolster our relations.;;;;;;;;;;;;x
return_cores_UTS_title;Return cores to Tsang;;;;;;;;;;;;;;;;;;;;x,,
return_cores_UTS_desc;We hold provinces that Tsang has claims on. Returning these provinces, as an act of good faith, would surely bolster our relations.;;;;;;;;;;;;x
return_cores_VRM_title;Return cores to New Norway;;;;;;;;;;;;;;;;;;;;x,,
return_cores_VRM_desc;We hold provinces that New Norway has claims on. Returning these provinces, as an act of good faith, would surely bolster our relations.;;;;;;;;;;;;x
return_cores_WAD_title;Return cores to Wadai;;;;;;;;;;;;;;;;;;;;x,,
return_cores_WAD_desc;We hold provinces that Wadai has claims on. Returning these provinces, as an act of good faith, would surely bolster our relations.;;;;;;;;;;;;x
return_cores_WAL_title;Return cores to Muntenia;;;;;;;;;;;;;;;;;;;;x,,
return_cores_WAL_desc;We hold provinces that Muntenia has claims on. Returning these provinces, as an act of good faith, would surely bolster our relations.;;;;;;;;;;;;x
return_cores_WOL_title;Return cores to Djolof;;;;;;;;;;;;;;;;;;;;x,,
return_cores_WOL_desc;We hold provinces that Djolof has claims on. Returning these provinces, as an act of good faith, would surely bolster our relations.;;;;;;;;;;;;x
return_cores_X00_title;Return cores to Blemmyia;;;;;;;;;;;;;;;;;;;;x,,
return_cores_X00_desc;We hold provinces that Blemmyia has claims on. Returning these provinces, as an act of good faith, would surely bolster our relations.;;;;;;;;;;;;x
return_cores_X01_title;Return cores to Cumania;;;;;;;;;;;;;;;;;;;;x,,
return_cores_X01_desc;We hold provinces that Cumania has claims on. Returning these provinces, as an act of good faith, would surely bolster our relations.;;;;;;;;;;;;x
return_cores_X02_title;Return cores to Swiss Confederation;;;;;;;;;;;;;;;;;;;;x,,
return_cores_X02_desc;We hold provinces that Swiss Confederation has claims on. Returning these provinces, as an act of good faith, would surely bolster our relations.;;;;;;;;;;;;x
return_cores_X03_title;Return cores to Pyrenia;;;;;;;;;;;;;;;;;;;;x,,
return_cores_X03_desc;We hold provinces that Pyrenia has claims on. Returning these provinces, as an act of good faith, would surely bolster our relations.;;;;;;;;;;;;x
return_cores_X04_title;Return cores to Khazaria;;;;;;;;;;;;;;;;;;;;x,,
return_cores_X04_desc;We hold provinces that Khazaria has claims on. Returning these provinces, as an act of good faith, would surely bolster our relations.;;;;;;;;;;;;x
return_cores_X05_title;Return cores to Karelia;;;;;;;;;;;;;;;;;;;;x,,
return_cores_X05_desc;We hold provinces that Karelia has claims on. Returning these provinces, as an act of good faith, would surely bolster our relations.;;;;;;;;;;;;x
return_cores_X06_title;Return cores to Luristan;;;;;;;;;;;;;;;;;;;;x,,
return_cores_X06_desc;We hold provinces that Luristan has claims on. Returning these provinces, as an act of good faith, would surely bolster our relations.;;;;;;;;;;;;x
return_cores_X07_title;Return cores to Spoleto;;;;;;;;;;;;;;;;;;;;x,,
return_cores_X07_desc;We hold provinces that Spoleto has claims on. Returning these provinces, as an act of good faith, would surely bolster our relations.;;;;;;;;;;;;x
return_cores_X08_title;Return cores to Thrace;;;;;;;;;;;;;;;;;;;;x,,
return_cores_X08_desc;We hold provinces that Thrace has claims on. Returning these provinces, as an act of good faith, would surely bolster our relations.;;;;;;;;;;;;x
return_cores_X09_title;Return cores to Bihar;;;;;;;;;;;;;;;;;;;;x,,
return_cores_X09_desc;We hold provinces that Bihar has claims on. Returning these provinces, as an act of good faith, would surely bolster our relations.;;;;;;;;;;;;x
return_cores_X10_title;Return cores to Kosala;;;;;;;;;;;;;;;;;;;;x,,
return_cores_X10_desc;We hold provinces that Kosala has claims on. Returning these provinces, as an act of good faith, would surely bolster our relations.;;;;;;;;;;;;x
return_cores_X11_title;Return cores to Maharastra;;;;;;;;;;;;;;;;;;;;x,,
return_cores_X11_desc;We hold provinces that Maharastra has claims on. Returning these provinces, as an act of good faith, would surely bolster our relations.;;;;;;;;;;;;x
return_cores_X12_title;Return cores to Polabia;;;;;;;;;;;;;;;;;;;;x,,
return_cores_X12_desc;We hold provinces that Polabia has claims on. Returning these provinces, as an act of good faith, would surely bolster our relations.;;;;;;;;;;;;x
return_cores_X13_title;Return cores to Ifons;;;;;;;;;;;;;;;;;;;;x,,
return_cores_X13_desc;We hold provinces that Ifons has claims on. Returning these provinces, as an act of good faith, would surely bolster our relations.;;;;;;;;;;;;x
return_cores_X14_title;Return cores to Upplnd;;;;;;;;;;;;;;;;;;;;x,,
return_cores_X14_desc;We hold provinces that Upplnd has claims on. Returning these provinces, as an act of good faith, would surely bolster our relations.;;;;;;;;;;;;x
return_cores_X15_title;Return cores to Bugeac;;;;;;;;;;;;;;;;;;;;x,,
return_cores_X15_desc;We hold provinces that Bugeac has claims on. Returning these provinces, as an act of good faith, would surely bolster our relations.;;;;;;;;;;;;x
return_cores_X16_title;Return cores to Kappadokia;;;;;;;;;;;;;;;;;;;;x,,
return_cores_X16_desc;We hold provinces that Kappadokia has claims on. Returning these provinces, as an act of good faith, would surely bolster our relations.;;;;;;;;;;;;x
return_cores_X17_title;Return cores to Charkliq;;;;;;;;;;;;;;;;;;;;x,,
return_cores_X17_desc;We hold provinces that Charkliq has claims on. Returning these provinces, as an act of good faith, would surely bolster our relations.;;;;;;;;;;;;x
return_cores_X18_title;Return cores to Lesser Charsianon;;;;;;;;;;;;;;;;;;;;x,,
return_cores_X18_desc;We hold provinces that Lesser Charsianon has claims on. Returning these provinces, as an act of good faith, would surely bolster our relations.;;;;;;;;;;;;x
return_cores_X19_title;Return cores to Cyrenaica;;;;;;;;;;;;;;;;;;;;x,,
return_cores_X19_desc;We hold provinces that Cyrenaica has claims on. Returning these provinces, as an act of good faith, would surely bolster our relations.;;;;;;;;;;;;x
return_cores_X20_title;Return cores to Gobi-Altai;;;;;;;;;;;;;;;;;;;;x,,
return_cores_X20_desc;We hold provinces that Gobi-Altai has claims on. Returning these provinces, as an act of good faith, would surely bolster our relations.;;;;;;;;;;;;x
return_cores_X21_title;Return cores to Mesopotamia;;;;;;;;;;;;;;;;;;;;x,,
return_cores_X21_desc;We hold provinces that Mesopotamia has claims on. Returning these provinces, as an act of good faith, would surely bolster our relations.;;;;;;;;;;;;x
return_cores_X22_title;Return cores to Opsikion;;;;;;;;;;;;;;;;;;;;x,,
return_cores_X22_desc;We hold provinces that Opsikion has claims on. Returning these provinces, as an act of good faith, would surely bolster our relations.;;;;;;;;;;;;x
return_cores_X23_title;Return cores to Paphlagonia;;;;;;;;;;;;;;;;;;;;x,,
return_cores_X23_desc;We hold provinces that Paphlagonia has claims on. Returning these provinces, as an act of good faith, would surely bolster our relations.;;;;;;;;;;;;x
return_cores_X24_title;Return cores to Philippopolis;;;;;;;;;;;;;;;;;;;;x,,
return_cores_X24_desc;We hold provinces that Philippopolis has claims on. Returning these provinces, as an act of good faith, would surely bolster our relations.;;;;;;;;;;;;x
return_cores_X25_title;Return cores to Sebasteia;;;;;;;;;;;;;;;;;;;;x,,
return_cores_X25_desc;We hold provinces that Sebasteia has claims on. Returning these provinces, as an act of good faith, would surely bolster our relations.;;;;;;;;;;;;x
return_cores_X26_title;Return cores to Socotra;;;;;;;;;;;;;;;;;;;;x,,
return_cores_X26_desc;We hold provinces that Socotra has claims on. Returning these provinces, as an act of good faith, would surely bolster our relations.;;;;;;;;;;;;x
return_cores_X27_title;Return cores to Strymon;;;;;;;;;;;;;;;;;;;;x,,
return_cores_X27_desc;We hold provinces that Strymon has claims on. Returning these provinces, as an act of good faith, would surely bolster our relations.;;;;;;;;;;;;x
return_cores_X28_title;Return cores to Thessali;;;;;;;;;;;;;;;;;;;;x,,
return_cores_X28_desc;We hold provinces that Thessali has claims on. Returning these provinces, as an act of good faith, would surely bolster our relations.;;;;;;;;;;;;x
return_cores_X29_title;Return cores to Thrakesion;;;;;;;;;;;;;;;;;;;;x,,
return_cores_X29_desc;We hold provinces that Thrakesion has claims on. Returning these provinces, as an act of good faith, would surely bolster our relations.;;;;;;;;;;;;x
return_cores_X30_title;Return cores to Abydos;;;;;;;;;;;;;;;;;;;;x,,
return_cores_X30_desc;We hold provinces that Abydos has claims on. Returning these provinces, as an act of good faith, would surely bolster our relations.;;;;;;;;;;;;x
return_cores_X31_title;Return cores to Aeolis;;;;;;;;;;;;;;;;;;;;x,,
return_cores_X31_desc;We hold provinces that Aeolis has claims on. Returning these provinces, as an act of good faith, would surely bolster our relations.;;;;;;;;;;;;x
return_cores_X32_title;Return cores to Bithynia;;;;;;;;;;;;;;;;;;;;x,,
return_cores_X32_desc;We hold provinces that Bithynia has claims on. Returning these provinces, as an act of good faith, would surely bolster our relations.;;;;;;;;;;;;x
return_cores_X33_title;Return cores to Chalkidike;;;;;;;;;;;;;;;;;;;;x,,
return_cores_X33_desc;We hold provinces that Chalkidike has claims on. Returning these provinces, as an act of good faith, would surely bolster our relations.;;;;;;;;;;;;x
return_cores_X34_title;Return cores to Greater Charsianon;;;;;;;;;;;;;;;;;;;;x,,
return_cores_X34_desc;We hold provinces that Greater Charsianon has claims on. Returning these provinces, as an act of good faith, would surely bolster our relations.;;;;;;;;;;;;x
return_cores_X35_title;Return cores to Koloneia;;;;;;;;;;;;;;;;;;;;x,,
return_cores_X35_desc;We hold provinces that Koloneia has claims on. Returning these provinces, as an act of good faith, would surely bolster our relations.;;;;;;;;;;;;x
return_cores_X36_title;Return cores to Lykaonia;;;;;;;;;;;;;;;;;;;;x,,
return_cores_X36_desc;We hold provinces that Lykaonia has claims on. Returning these provinces, as an act of good faith, would surely bolster our relations.;;;;;;;;;;;;x
return_cores_X37_title;Return cores to Lydia;;;;;;;;;;;;;;;;;;;;x,,
return_cores_X37_desc;We hold provinces that Lydia has claims on. Returning these provinces, as an act of good faith, would surely bolster our relations.;;;;;;;;;;;;x
return_cores_X38_title;Return cores to Naissos;;;;;;;;;;;;;;;;;;;;x,,
return_cores_X38_desc;We hold provinces that Naissos has claims on. Returning these provinces, as an act of good faith, would surely bolster our relations.;;;;;;;;;;;;x
return_cores_X39_title;Return cores to Pacatiana;;;;;;;;;;;;;;;;;;;;x,,
return_cores_X39_desc;We hold provinces that Pacatiana has claims on. Returning these provinces, as an act of good faith, would surely bolster our relations.;;;;;;;;;;;;x
return_cores_X40_title;Return cores to Pisidia;;;;;;;;;;;;;;;;;;;;x,,
return_cores_X40_desc;We hold provinces that Pisidia has claims on. Returning these provinces, as an act of good faith, would surely bolster our relations.;;;;;;;;;;;;x
return_cores_X41_title;Return cores to Rhodos;;;;;;;;;;;;;;;;;;;;x,,
return_cores_X41_desc;We hold provinces that Rhodos has claims on. Returning these provinces, as an act of good faith, would surely bolster our relations.;;;;;;;;;;;;x
return_cores_X42_title;Return cores to Salines;;;;;;;;;;;;;;;;;;;;x,,
return_cores_X42_desc;We hold provinces that Salines has claims on. Returning these provinces, as an act of good faith, would surely bolster our relations.;;;;;;;;;;;;x
return_cores_X43_title;Return cores to Tustar;;;;;;;;;;;;;;;;;;;;x,,
return_cores_X43_desc;We hold provinces that Tustar has claims on. Returning these provinces, as an act of good faith, would surely bolster our relations.;;;;;;;;;;;;x
return_cores_X44_title;Return cores to Australia;;;;;;;;;;;;;;;;;;;;x,,
return_cores_X44_desc;We hold provinces that Australia has claims on. Returning these provinces, as an act of good faith, would surely bolster our relations.;;;;;;;;;;;;x
return_cores_X45_title;Return cores to French Colombia;;;;;;;;;;;;;;;;;;;;x,,
return_cores_X45_desc;We hold provinces that French Colombia has claims on. Returning these provinces, as an act of good faith, would surely bolster our relations.;;;;;;;;;;;;x
return_cores_XAL_title;Return cores to Xalisco;;;;;;;;;;;;;;;;;;;;x,,
return_cores_XAL_desc;We hold provinces that Xalisco has claims on. Returning these provinces, as an act of good faith, would surely bolster our relations.;;;;;;;;;;;;x
return_cores_XIU_title;Return cores to Xiu;;;;;;;;;;;;;;;;;;;;x,,
return_cores_XIU_desc;We hold provinces that Xiu has claims on. Returning these provinces, as an act of good faith, would surely bolster our relations.;;;;;;;;;;;;x
return_cores_XMA_title;Return cores to Madurai;;;;;;;;;;;;;;;;;;;;x,,
return_cores_XMA_desc;We hold provinces that Madurai has claims on. Returning these provinces, as an act of good faith, would surely bolster our relations.;;;;;;;;;;;;x
return_cores_YKA_title;Return cores to Yaka;;;;;;;;;;;;;;;;;;;;x,,
return_cores_YKA_desc;We hold provinces that Yaka has claims on. Returning these provinces, as an act of good faith, would surely bolster our relations.;;;;;;;;;;;;x
return_cores_YKT_title;Return cores to Yokuts;;;;;;;;;;;;;;;;;;;;x,,
return_cores_YKT_desc;We hold provinces that Yokuts has claims on. Returning these provinces, as an act of good faith, would surely bolster our relations.;;;;;;;;;;;;x
return_cores_YOK_title;Return cores to Yokotan;;;;;;;;;;;;;;;;;;;;x,,
return_cores_YOK_desc;We hold provinces that Yokotan has claims on. Returning these provinces, as an act of good faith, would surely bolster our relations.;;;;;;;;;;;;x
return_cores_YRK_title;Return cores to Yarkand;;;;;;;;;;;;;;;;;;;;x,,
return_cores_YRK_desc;We hold provinces that Yarkand has claims on. Returning these provinces, as an act of good faith, would surely bolster our relations.;;;;;;;;;;;;x
return_cores_ZAP_title;Return cores to Zapotec;;;;;;;;;;;;;;;;;;;;x,,
return_cores_ZAP_desc;We hold provinces that Zapotec has claims on. Returning these provinces, as an act of good faith, would surely bolster our relations.;;;;;;;;;;;;x
return_cores_ZIM_title;Return cores to Mutapa;;;;;;;;;;;;;;;;;;;;x,,
return_cores_ZIM_desc;We hold provinces that Mutapa has claims on. Returning these provinces, as an act of good faith, would surely bolster our relations.;;;;;;;;;;;;x
return_cores_ZUL_title;Return cores to Zulu;;;;;;;;;;;;;;;;;;;;x,,
return_cores_ZUL_desc;We hold provinces that Zulu has claims on. Returning these provinces, as an act of good faith, would surely bolster our relations.;;;;;;;;;;;;x
return_cores_ZUN_title;Return cores to Dzungar;;;;;;;;;;;;;;;;;;;;x,,
return_cores_ZUN_desc;We hold provinces that Dzungar has claims on. Returning these provinces, as an act of good faith, would surely bolster our relations.;;;;;;;;;;;;x
