KEY;ENGLISH;FRENCH;GERMAN;POLISH;SPANISH;ITALIAN;HUNGARIAN;CZECH;HUNGARIAN;DUTCH;PORTUGUESE;RUSSIAN;FINNISH;X
dynamic-afghani-culture-num1;Wakhan;Wakhan;Wakhan;Wakhan;Wakhan;Wakhan;Wakhan;Wakhan;Wakhan;Wakhan;Wakhan;Wakhan;Wakhan;x
dynamic-afghani-culture-num2;Ghuri;Ghuri;Ghuri;Ghuri;Ghuri;Ghuri;Ghuri;Ghuri;Ghuri;Ghuri;Ghuri;Ghuri;Ghuri;x
dynamic-al_suryah_arabic-culture-num1;Khaburan;Khaburan;Khaburan;Khaburan;Khaburan;Khaburan;Khaburan;Khaburan;Khaburan;Khaburan;Khaburan;Khaburan;Khaburan;x
dynamic-al_suryah_arabic-culture-num2;Euphratese;Euphratese;Euphratese;Euphratese;Euphratese;Euphratese;Euphratese;Euphratese;Euphratese;Euphratese;Euphratese;Euphratese;Euphratese;x
dynamic-al_suryah_arabic-culture-num3;Wasitian;Wasitian;Wasitian;Wasitian;Wasitian;Wasitian;Wasitian;Wasitian;Wasitian;Wasitian;Wasitian;Wasitian;Wasitian;x
dynamic-al_suryah_arabic-persian-culture-num1;Perso-Mashriqi;Perso-Mashriqi;Perso-Mashriqi;Perso-Mashriqi;Perso-Mashriqi;Perso-Mashriqi;Perso-Mashriqi;Perso-Mashriqi;Perso-Mashriqi;Perso-Mashriqi;Perso-Mashriqi;Perso-Mashriqi;Perso-Mashriqi;x
dynamic-al_suryah_arabic-persian-culture-num2;Euphratese-Persian;Euphratese-Persian;Euphratese-Persian;Euphratese-Persian;Euphratese-Persian;Euphratese-Persian;Euphratese-Persian;Euphratese-Persian;Euphratese-Persian;Euphratese-Persian;Euphratese-Persian;Euphratese-Persian;Euphratese-Persian;x
dynamic-al_suryah_arabic-persian-culture-num3;Wasitian-Persian;Wasitian-Persian;Wasitian-Persian;Wasitian-Persian;Wasitian-Persian;Wasitian-Persian;Wasitian-Persian;Wasitian-Persian;Wasitian-Persian;Wasitian-Persian;Wasitian-Persian;Wasitian-Persian;Wasitian-Persian;x
dynamic-al_suryah_arabic-somali-culture-num1;Harari-Mashriqi;Harari-Mashriqi;Harari-Mashriqi;Harari-Mashriqi;Harari-Mashriqi;Harari-Mashriqi;Harari-Mashriqi;Harari-Mashriqi;Harari-Mashriqi;Harari-Mashriqi;Harari-Mashriqi;Harari-Mashriqi;Harari-Mashriqi;x
dynamic-andalucian-culture-num1;Salamanqa;Salamanqa;Salamanqa;Salamanqa;Salamanqa;Salamanqa;Salamanqa;Salamanqa;Salamanqa;Salamanqa;Salamanqa;Salamanqa;Salamanqa;x
dynamic-andalucian-culture-num2;Qabra;Qabra;Qabra;Qabra;Qabra;Qabra;Qabra;Qabra;Qabra;Qabra;Qabra;Qabra;Qabra;x
dynamic-assamese-nepali-culture-num1;Kirato-Kamrupi;Kirato-Kamrupi;Kirato-Kamrupi;Kirato-Kamrupi;Kirato-Kamrupi;Kirato-Kamrupi;Kirato-Kamrupi;Kirato-Kamrupi;Kirato-Kamrupi;Kirato-Kamrupi;Kirato-Kamrupi;Kirato-Kamrupi;Kirato-Kamrupi;x
dynamic-assyrian-al_suryah_arabic-culture-num1;Syro-Mashriqi;Syro-Mashriqi;Syro-Mashriqi;Syro-Mashriqi;Syro-Mashriqi;Syro-Mashriqi;Syro-Mashriqi;Syro-Mashriqi;Syro-Mashriqi;Syro-Mashriqi;Syro-Mashriqi;Syro-Mashriqi;Syro-Mashriqi;x
dynamic-avadhi-culture-num1;Vodamayutjan;Vodamayutjan;Vodamayutjan;Vodamayutjan;Vodamayutjan;Vodamayutjan;Vodamayutjan;Vodamayutjan;Vodamayutjan;Vodamayutjan;Vodamayutjan;Vodamayutjan;Vodamayutjan;x
dynamic-basque-occitain-culture-num1;Lengadoco-Basque;Lengadoco-Basque;Lengadoco-Basque;Lengadoco-Basque;Lengadoco-Basque;Lengadoco-Basque;Lengadoco-Basque;Lengadoco-Basque;Lengadoco-Basque;Lengadoco-Basque;Lengadoco-Basque;Lengadoco-Basque;Lengadoco-Basque;x
dynamic-bavarian-culture-num1;Geisenhausian;Geisenhausian;Geisenhausian;Geisenhausian;Geisenhausian;Geisenhausian;Geisenhausian;Geisenhausian;Geisenhausian;Geisenhausian;Geisenhausian;Geisenhausian;Geisenhausian;x
dynamic-bavarian-italian-culture-num1;Alpine-Geisenhausian;Alpine-Geisenhausian;Alpine-Geisenhausian;Alpine-Geisenhausian;Alpine-Geisenhausian;Alpine-Geisenhausian;Alpine-Geisenhausian;Alpine-Geisenhausian;Alpine-Geisenhausian;Alpine-Geisenhausian;Alpine-Geisenhausian;Alpine-Geisenhausian;Alpine-Geisenhausian;x
dynamic-bavarian-slovene-culture-num1;Bavaro-Carantanian;Bavaro-Carantanian;Bavaro-Carantanian;Bavaro-Carantanian;Bavaro-Carantanian;Bavaro-Carantanian;Bavaro-Carantanian;Bavaro-Carantanian;Bavaro-Carantanian;Bavaro-Carantanian;Bavaro-Carantanian;Bavaro-Carantanian;Bavaro-Carantanian;x
dynamic-bedouin_arabic-culture-num1;Wabarian;Wabarian;Wabarian;Wabarian;Wabarian;Wabarian;Wabarian;Wabarian;Wabarian;Wabarian;Wabarian;Wabarian;Wabarian;x
dynamic-bedouin_arabic-persian-culture-num1;Perso-Bedouin;Perso-Bedouin;Perso-Bedouin;Perso-Bedouin;Perso-Bedouin;Perso-Bedouin;Perso-Bedouin;Perso-Bedouin;Perso-Bedouin;Perso-Bedouin;Perso-Bedouin;Perso-Bedouin;Perso-Bedouin;x
dynamic-bengali-gondi-culture-num1;Gond-Bengali;Gond-Bengali;Gond-Bengali;Gond-Bengali;Gond-Bengali;Gond-Bengali;Gond-Bengali;Gond-Bengali;Gond-Bengali;Gond-Bengali;Gond-Bengali;Gond-Bengali;Gond-Bengali;x
dynamic-berber-al_suryah_arabic-culture-num1;Euphratese-Butr;Euphratese-Butr;Euphratese-Butr;Euphratese-Butr;Euphratese-Butr;Euphratese-Butr;Euphratese-Butr;Euphratese-Butr;Euphratese-Butr;Euphratese-Butr;Euphratese-Butr;Euphratese-Butr;Euphratese-Butr;x
dynamic-berber-hausa-culture-num1;Hausa-Butr;Hausa-Butr;Hausa-Butr;Hausa-Butr;Hausa-Butr;Hausa-Butr;Hausa-Butr;Hausa-Butr;Hausa-Butr;Hausa-Butr;Hausa-Butr;Hausa-Butr;Hausa-Butr;x
dynamic-burmese-culture-num1;Burmo-Bengali;Burmo-Bengali;Burmo-Bengali;Burmo-Bengali;Burmo-Bengali;Burmo-Bengali;Burmo-Bengali;Burmo-Bengali;Burmo-Bengali;Burmo-Bengali;Burmo-Bengali;Burmo-Bengali;Burmo-Bengali;x
dynamic-burmese-culture-num2;Radhan;Radhan;Radhan;Radhan;Radhan;Radhan;Radhan;Radhan;Radhan;Radhan;Radhan;Radhan;Radhan;x
dynamic-buryat-culture-num1;Buryato-Uriankhai;Buryato-Uriankhai;Buryato-Uriankhai;Buryato-Uriankhai;Buryato-Uriankhai;Buryato-Uriankhai;Buryato-Uriankhai;Buryato-Uriankhai;Buryato-Uriankhai;Buryato-Uriankhai;Buryato-Uriankhai;Buryato-Uriankhai;Buryato-Uriankhai;x
dynamic-chihan-chihan-culture-num1;Sino-Shatuo;Sino-Shatuo;Sino-Shatuo;Sino-Shatuo;Sino-Shatuo;Sino-Shatuo;Sino-Shatuo;Sino-Shatuo;Sino-Shatuo;Sino-Shatuo;Sino-Shatuo;Sino-Shatuo;Sino-Shatuo;x
dynamic-chihan-chihan-culture-num2;Tuyuhuno-Han;Tuyuhuno-Han;Tuyuhuno-Han;Tuyuhuno-Han;Tuyuhuno-Han;Tuyuhuno-Han;Tuyuhuno-Han;Tuyuhuno-Han;Tuyuhuno-Han;Tuyuhuno-Han;Tuyuhuno-Han;Tuyuhuno-Han;Tuyuhuno-Han;x
dynamic-chihan-culture-num1;Sumpo-Tuyuhun;Sumpo-Tuyuhun;Sumpo-Tuyuhun;Sumpo-Tuyuhun;Sumpo-Tuyuhun;Sumpo-Tuyuhun;Sumpo-Tuyuhun;Sumpo-Tuyuhun;Sumpo-Tuyuhun;Sumpo-Tuyuhun;Sumpo-Tuyuhun;Sumpo-Tuyuhun;Sumpo-Tuyuhun;x
dynamic-cosmopolitan_french-culture-num1;Rhinelander;Rhinelander;Rhinelander;Rhinelander;Rhinelander;Rhinelander;Rhinelander;Rhinelander;Rhinelander;Rhinelander;Rhinelander;Rhinelander;Rhinelander;x
dynamic-cosmopolitan_french-culture-num2;Troyesian;Troyesian;Troyesian;Troyesian;Troyesian;Troyesian;Troyesian;Troyesian;Troyesian;Troyesian;Troyesian;Troyesian;Troyesian;x
dynamic-cosmopolitan_french-greek-culture-num1;Franco-Greek;Franco-Greek;Franco-Greek;Franco-Greek;Franco-Greek;Franco-Greek;Franco-Greek;Franco-Greek;Franco-Greek;Franco-Greek;Franco-Greek;Franco-Greek;Franco-Greek;x
dynamic-croatian-culture-num1;Slovieno-Croatian;Slovieno-Croatian;Slovieno-Croatian;Slovieno-Croatian;Slovieno-Croatian;Slovieno-Croatian;Slovieno-Croatian;Slovieno-Croatian;Slovieno-Croatian;Slovieno-Croatian;Slovieno-Croatian;Slovieno-Croatian;Slovieno-Croatian;x
dynamic-finnish-norse-culture-num1;Finno-Norse;Finno-Norse;Finno-Norse;Finno-Norse;Finno-Norse;Finno-Norse;Finno-Norse;Finno-Norse;Finno-Norse;Finno-Norse;Finno-Norse;Finno-Norse;Finno-Norse;x
dynamic-franconian-culture-num1;Speyer;Speyer;Speyer;Speyer;Speyer;Speyer;Speyer;Speyer;Speyer;Speyer;Speyer;Speyer;Speyer;x
dynamic-franconian-sorbian-culture-num1;Polabo-Franconian;Polabo-Franconian;Polabo-Franconian;Polabo-Franconian;Polabo-Franconian;Polabo-Franconian;Polabo-Franconian;Polabo-Franconian;Polabo-Franconian;Polabo-Franconian;Polabo-Franconian;Polabo-Franconian;Polabo-Franconian;x
dynamic-greek-culture-num1;Antiochian;Antiochian;Antiochian;Antiochian;Antiochian;Antiochian;Antiochian;Antiochian;Antiochian;Antiochian;Antiochian;Antiochian;Antiochian;x
dynamic-greek-culture-num2;Cretan;Cretan;Cretan;Cretan;Cretan;Cretan;Cretan;Cretan;Cretan;Cretan;Cretan;Cretan;Cretan;x
dynamic-greek-culture-num3;Antiochian-Mashriqi;Antiochian-Mashriqi;Antiochian-Mashriqi;Antiochian-Mashriqi;Antiochian-Mashriqi;Antiochian-Mashriqi;Antiochian-Mashriqi;Antiochian-Mashriqi;Antiochian-Mashriqi;Antiochian-Mashriqi;Antiochian-Mashriqi;Antiochian-Mashriqi;Antiochian-Mashriqi;x
dynamic-greek-culture-num4;Cypriot;Cypriot;Cypriot;Cypriot;Cypriot;Cypriot;Cypriot;Cypriot;Cypriot;Cypriot;Cypriot;Cypriot;Cypriot;x
dynamic-greek-culture-num5;Burgasan;Burgasan;Burgasan;Burgasan;Burgasan;Burgasan;Burgasan;Burgasan;Burgasan;Burgasan;Burgasan;Burgasan;Burgasan;x
dynamic-greek-culture-num6;Avlonasian;Avlonasian;Avlonasian;Avlonasian;Avlonasian;Avlonasian;Avlonasian;Avlonasian;Avlonasian;Avlonasian;Avlonasian;Avlonasian;Avlonasian;x
dynamic-greek-culture-num7;Phrygian;Phrygian;Phrygian;Phrygian;Phrygian;Phrygian;Phrygian;Phrygian;Phrygian;Phrygian;Phrygian;Phrygian;Phrygian;x
dynamic-highland_scottish-norse-culture-num1;Norse-Gael;Norse-Gael;Norse-Gael;Norse-Gael;Norse-Gael;Norse-Gael;Norse-Gael;Norse-Gael;Norse-Gael;Norse-Gael;Norse-Gael;Norse-Gael;Norse-Gael;x
dynamic-hungarian-culture-num1;Székelyföldian;Székelyföldian;Székelyföldian;Székelyföldian;Székelyföldian;Székelyföldian;Székelyföldian;Székelyföldian;Székelyföldian;Székelyföldian;Székelyföldian;Székelyföldian;Székelyföldian;x
dynamic-kannada-sinhala-culture-num1;Kannada-Sinhala;Kannada-Sinhala;Kannada-Sinhala;Kannada-Sinhala;Kannada-Sinhala;Kannada-Sinhala;Kannada-Sinhala;Kannada-Sinhala;Kannada-Sinhala;Kannada-Sinhala;Kannada-Sinhala;Kannada-Sinhala;Kannada-Sinhala;x
dynamic-kashmiri-saka-culture-num1;Kashmiri-Saka;Kashmiri-Saka;Kashmiri-Saka;Kashmiri-Saka;Kashmiri-Saka;Kashmiri-Saka;Kashmiri-Saka;Kashmiri-Saka;Kashmiri-Saka;Kashmiri-Saka;Kashmiri-Saka;Kashmiri-Saka;Kashmiri-Saka;x
dynamic-kashmiri-zhangzhung-culture-num1;Zhangzhungo-Kashmiri;Zhangzhungo-Kashmiri;Zhangzhungo-Kashmiri;Zhangzhungo-Kashmiri;Zhangzhungo-Kashmiri;Zhangzhungo-Kashmiri;Zhangzhungo-Kashmiri;Zhangzhungo-Kashmiri;Zhangzhungo-Kashmiri;Zhangzhungo-Kashmiri;Zhangzhungo-Kashmiri;Zhangzhungo-Kashmiri;Zhangzhungo-Kashmiri;x
dynamic-khazar-mordvin-culture-num1;Khazaro-Mordvin;Khazaro-Mordvin;Khazaro-Mordvin;Khazaro-Mordvin;Khazaro-Mordvin;Khazaro-Mordvin;Khazaro-Mordvin;Khazaro-Mordvin;Khazaro-Mordvin;Khazaro-Mordvin;Khazaro-Mordvin;Khazaro-Mordvin;Khazaro-Mordvin;x
dynamic-khazar-norse-culture-num1;Khazaro-Norse;Khazaro-Norse;Khazaro-Norse;Khazaro-Norse;Khazaro-Norse;Khazaro-Norse;Khazaro-Norse;Khazaro-Norse;Khazaro-Norse;Khazaro-Norse;Khazaro-Norse;Khazaro-Norse;Khazaro-Norse;x
dynamic-kirgiz-culture-num1;Naiman Gobin;Naiman Gobin;Naiman Gobin;Naiman Gobin;Naiman Gobin;Naiman Gobin;Naiman Gobin;Naiman Gobin;Naiman Gobin;Naiman Gobin;Naiman Gobin;Naiman Gobin;Naiman Gobin;x
dynamic-kirgiz-khazak-culture-num1;Kirghizo-Naiman;Kirghizo-Naiman;Kirghizo-Naiman;Kirghizo-Naiman;Kirghizo-Naiman;Kirghizo-Naiman;Kirghizo-Naiman;Kirghizo-Naiman;Kirghizo-Naiman;Kirghizo-Naiman;Kirghizo-Naiman;Kirghizo-Naiman;Kirghizo-Naiman;x
dynamic-kurdish-al_suryah_arabic-culture-num1;Kurdo-Mashriqi;Kurdo-Mashriqi;Kurdo-Mashriqi;Kurdo-Mashriqi;Kurdo-Mashriqi;Kurdo-Mashriqi;Kurdo-Mashriqi;Kurdo-Mashriqi;Kurdo-Mashriqi;Kurdo-Mashriqi;Kurdo-Mashriqi;Kurdo-Mashriqi;Kurdo-Mashriqi;x
dynamic-lithuanian-russian_culture-culture-num1;Lithuano-Ruthenian;Lithuano-Ruthenian;Lithuano-Ruthenian;Lithuano-Ruthenian;Lithuano-Ruthenian;Lithuano-Ruthenian;Lithuano-Ruthenian;Lithuano-Ruthenian;Lithuano-Ruthenian;Lithuano-Ruthenian;Lithuano-Ruthenian;Lithuano-Ruthenian;Lithuano-Ruthenian;x
dynamic-mali-culture-num1;Marka-Kanuri;Marka-Kanuri;Marka-Kanuri;Marka-Kanuri;Marka-Kanuri;Marka-Kanuri;Marka-Kanuri;Marka-Kanuri;Marka-Kanuri;Marka-Kanuri;Marka-Kanuri;Marka-Kanuri;Marka-Kanuri;x
dynamic-mali-dyola-culture-num1;Bobo-Kru;Bobo-Kru;Bobo-Kru;Bobo-Kru;Bobo-Kru;Bobo-Kru;Bobo-Kru;Bobo-Kru;Bobo-Kru;Bobo-Kru;Bobo-Kru;Bobo-Kru;Bobo-Kru;x
dynamic-mali-soninke-culture-num1;Malinke-Soninke;Malinke-Soninke;Malinke-Soninke;Malinke-Soninke;Malinke-Soninke;Malinke-Soninke;Malinke-Soninke;Malinke-Soninke;Malinke-Soninke;Malinke-Soninke;Malinke-Soninke;Malinke-Soninke;Malinke-Soninke;x
dynamic-mali-yorumba-culture-num1;Gur-Yoruba;Gur-Yoruba;Gur-Yoruba;Gur-Yoruba;Gur-Yoruba;Gur-Yoruba;Gur-Yoruba;Gur-Yoruba;Gur-Yoruba;Gur-Yoruba;Gur-Yoruba;Gur-Yoruba;Gur-Yoruba;x
dynamic-marathi-telegu-culture-num1;Maratha-Telugu;Maratha-Telugu;Maratha-Telugu;Maratha-Telugu;Maratha-Telugu;Maratha-Telugu;Maratha-Telugu;Maratha-Telugu;Maratha-Telugu;Maratha-Telugu;Maratha-Telugu;Maratha-Telugu;Maratha-Telugu;x
dynamic-mongol-culture-num1;Ubsunurian;Ubsunurian;Ubsunurian;Ubsunurian;Ubsunurian;Ubsunurian;Ubsunurian;Ubsunurian;Ubsunurian;Ubsunurian;Ubsunurian;Ubsunurian;Ubsunurian;x
dynamic-mongol-culture-num2;Kipchako-Mongol;Kipchako-Mongol;Kipchako-Mongol;Kipchako-Mongol;Kipchako-Mongol;Kipchako-Mongol;Kipchako-Mongol;Kipchako-Mongol;Kipchako-Mongol;Kipchako-Mongol;Kipchako-Mongol;Kipchako-Mongol;Kipchako-Mongol;x
dynamic-mongol-turkish-culture-num1;Turko-Mongol;Turko-Mongol;Turko-Mongol;Turko-Mongol;Turko-Mongol;Turko-Mongol;Turko-Mongol;Turko-Mongol;Turko-Mongol;Turko-Mongol;Turko-Mongol;Turko-Mongol;Turko-Mongol;x
dynamic-mordvin-norse-culture-num1;Mordvino-Norse;Mordvino-Norse;Mordvino-Norse;Mordvino-Norse;Mordvino-Norse;Mordvino-Norse;Mordvino-Norse;Mordvino-Norse;Mordvino-Norse;Mordvino-Norse;Mordvino-Norse;Mordvino-Norse;Mordvino-Norse;x
dynamic-nogaybak-culture-num1;Karamayian;Karamayian;Karamayian;Karamayian;Karamayian;Karamayian;Karamayian;Karamayian;Karamayian;Karamayian;Karamayian;Karamayian;Karamayian;x
dynamic-nogaybak-mongol-culture-num1;Kimeko-Mongol;Kimeko-Mongol;Kimeko-Mongol;Kimeko-Mongol;Kimeko-Mongol;Kimeko-Mongol;Kimeko-Mongol;Kimeko-Mongol;Kimeko-Mongol;Kimeko-Mongol;Kimeko-Mongol;Kimeko-Mongol;Kimeko-Mongol;x
dynamic-norwegian-culture-num1;Víkverer;Víkverer;Víkverer;Víkverer;Víkverer;Víkverer;Víkverer;Víkverer;Víkverer;Víkverer;Víkverer;Víkverer;Víkverer;x
dynamic-occitain-culture-num1;Lengadocian;Lengadocian;Lengadocian;Lengadocian;Lengadocian;Lengadocian;Lengadocian;Lengadocian;Lengadocian;Lengadocian;Lengadocian;Lengadocian;Lengadocian;x
dynamic-ostyaki-culture-num1;Tabarian;Tabarian;Tabarian;Tabarian;Tabarian;Tabarian;Tabarian;Tabarian;Tabarian;Tabarian;Tabarian;Tabarian;Tabarian;x
dynamic-panjabi-culture-num1;Bheran;Bheran;Bheran;Bheran;Bheran;Bheran;Bheran;Bheran;Bheran;Bheran;Bheran;Bheran;Bheran;x
dynamic-polish-culture-num1;Lublinian;Lublinian;Lublinian;Lublinian;Lublinian;Lublinian;Lublinian;Lublinian;Lublinian;Lublinian;Lublinian;Lublinian;Lublinian;x
dynamic-polish-culture-num2;Kuyavian;Kuyavian;Kuyavian;Kuyavian;Kuyavian;Kuyavian;Kuyavian;Kuyavian;Kuyavian;Kuyavian;Kuyavian;Kuyavian;Kuyavian;x
dynamic-romanian-culture-num1;Galatian;Galatian;Galatian;Galatian;Galatian;Galatian;Galatian;Galatian;Galatian;Galatian;Galatian;Galatian;Galatian;x
dynamic-russian_culture-culture-num1;Korsunian;Korsunian;Korsunian;Korsunian;Korsunian;Korsunian;Korsunian;Korsunian;Korsunian;Korsunian;Korsunian;Korsunian;Korsunian;x
dynamic-russian_culture-culture-num2;Kurskian;Kurskian;Kurskian;Kurskian;Kurskian;Kurskian;Kurskian;Kurskian;Kurskian;Kurskian;Kurskian;Kurskian;Kurskian;x
dynamic-russian_culture-culture-num3;Turko-Russian;Turko-Russian;Turko-Russian;Turko-Russian;Turko-Russian;Turko-Russian;Turko-Russian;Turko-Russian;Turko-Russian;Turko-Russian;Turko-Russian;Turko-Russian;Turko-Russian;x
dynamic-saka-zhangzhung-culture-num1;Zhangzhungo-Saka;Zhangzhungo-Saka;Zhangzhungo-Saka;Zhangzhungo-Saka;Zhangzhungo-Saka;Zhangzhungo-Saka;Zhangzhungo-Saka;Zhangzhungo-Saka;Zhangzhungo-Saka;Zhangzhungo-Saka;Zhangzhungo-Saka;Zhangzhungo-Saka;Zhangzhungo-Saka;x
dynamic-samoyed-karelian-culture-num1;Bjarmo-Vepsian;Bjarmo-Vepsian;Bjarmo-Vepsian;Bjarmo-Vepsian;Bjarmo-Vepsian;Bjarmo-Vepsian;Bjarmo-Vepsian;Bjarmo-Vepsian;Bjarmo-Vepsian;Bjarmo-Vepsian;Bjarmo-Vepsian;Bjarmo-Vepsian;Bjarmo-Vepsian;x
dynamic-sapmi-culture-num1;Sombian;Sombian;Sombian;Sombian;Sombian;Sombian;Sombian;Sombian;Sombian;Sombian;Sombian;Sombian;Sombian;x
dynamic-sapmi-culture-num2;Jåhkåmåhkkian;Jåhkåmåhkkian;Jåhkåmåhkkian;Jåhkåmåhkkian;Jåhkåmåhkkian;Jåhkåmåhkkian;Jåhkåmåhkkian;Jåhkåmåhkkian;Jåhkåmåhkkian;Jåhkåmåhkkian;Jåhkåmåhkkian;Jåhkåmåhkkian;Jåhkåmåhkkian;x
dynamic-sapmi-swedish-culture-num1;Sombian-Swedish;Sombian-Swedish;Sombian-Swedish;Sombian-Swedish;Sombian-Swedish;Sombian-Swedish;Sombian-Swedish;Sombian-Swedish;Sombian-Swedish;Sombian-Swedish;Sombian-Swedish;Sombian-Swedish;Sombian-Swedish;x
dynamic-saxon-culture-num1;Lüneburgian;Lüneburgian;Lüneburgian;Lüneburgian;Lüneburgian;Lüneburgian;Lüneburgian;Lüneburgian;Lüneburgian;Lüneburgian;Lüneburgian;Lüneburgian;Lüneburgian;x
dynamic-senegambian-culture-num1;Wulian;Wulian;Wulian;Wulian;Wulian;Wulian;Wulian;Wulian;Wulian;Wulian;Wulian;Wulian;Wulian;x
dynamic-senegambian-fulani-culture-num1;Mel-Pulaar;Mel-Pulaar;Mel-Pulaar;Mel-Pulaar;Mel-Pulaar;Mel-Pulaar;Mel-Pulaar;Mel-Pulaar;Mel-Pulaar;Mel-Pulaar;Mel-Pulaar;Mel-Pulaar;Mel-Pulaar;x
dynamic-sinhala-culture-num1;Tamil-Sinhala;Tamil-Sinhala;Tamil-Sinhala;Tamil-Sinhala;Tamil-Sinhala;Tamil-Sinhala;Tamil-Sinhala;Tamil-Sinhala;Tamil-Sinhala;Tamil-Sinhala;Tamil-Sinhala;Tamil-Sinhala;Tamil-Sinhala;x
dynamic-somali-culture-num1;Gabali;Gabali;Gabali;Gabali;Gabali;Gabali;Gabali;Gabali;Gabali;Gabali;Gabali;Gabali;Gabali;x
dynamic-somali-culture-num2;Harari;Harari;Harari;Harari;Harari;Harari;Harari;Harari;Harari;Harari;Harari;Harari;Harari;x
dynamic-somali-sidamo-culture-num1;Somali-Welayta;Somali-Welayta;Somali-Welayta;Somali-Welayta;Somali-Welayta;Somali-Welayta;Somali-Welayta;Somali-Welayta;Somali-Welayta;Somali-Welayta;Somali-Welayta;Somali-Welayta;Somali-Welayta;x
dynamic-sorbian-culture-num1;Magdeburgian;Magdeburgian;Magdeburgian;Magdeburgian;Magdeburgian;Magdeburgian;Magdeburgian;Magdeburgian;Magdeburgian;Magdeburgian;Magdeburgian;Magdeburgian;Magdeburgian;x
dynamic-sorbian-culture-num2;Magdeburgian-Franconian;Magdeburgian-Franconian;Magdeburgian-Franconian;Magdeburgian-Franconian;Magdeburgian-Franconian;Magdeburgian-Franconian;Magdeburgian-Franconian;Magdeburgian-Franconian;Magdeburgian-Franconian;Magdeburgian-Franconian;Magdeburgian-Franconian;Magdeburgian-Franconian;Magdeburgian-Franconian;x
dynamic-sumpa-culture-num1;Sumpo-Saka;Sumpo-Saka;Sumpo-Saka;Sumpo-Saka;Sumpo-Saka;Sumpo-Saka;Sumpo-Saka;Sumpo-Saka;Sumpo-Saka;Sumpo-Saka;Sumpo-Saka;Sumpo-Saka;Sumpo-Saka;x
dynamic-swabian-culture-num1;Bernian;Bernian;Bernian;Bernian;Bernian;Bernian;Bernian;Bernian;Bernian;Bernian;Bernian;Bernian;Bernian;x
dynamic-swabian-culture-num2;Fürstenbergian;Fürstenbergian;Fürstenbergian;Fürstenbergian;Fürstenbergian;Fürstenbergian;Fürstenbergian;Fürstenbergian;Fürstenbergian;Fürstenbergian;Fürstenbergian;Fürstenbergian;Fürstenbergian;x
dynamic-tangut-culture-num1;Dêgê;Dêgê;Dêgê;Dêgê;Dêgê;Dêgê;Dêgê;Dêgê;Dêgê;Dêgê;Dêgê;Dêgê;Dêgê;x
dynamic-telegu-culture-num1;Tondai Nadu;Tondai Nadu;Tondai Nadu;Tondai Nadu;Tondai Nadu;Tondai Nadu;Tondai Nadu;Tondai Nadu;Tondai Nadu;Tondai Nadu;Tondai Nadu;Tondai Nadu;Tondai Nadu;x
dynamic-tibetan-chihan-culture-num1;Qingtang-Han;Qingtang-Han;Qingtang-Han;Qingtang-Han;Qingtang-Han;Qingtang-Han;Qingtang-Han;Qingtang-Han;Qingtang-Han;Qingtang-Han;Qingtang-Han;Qingtang-Han;Qingtang-Han;x
dynamic-tibetan-culture-num1;Qingtang;Qingtang;Qingtang;Qingtang;Qingtang;Qingtang;Qingtang;Qingtang;Qingtang;Qingtang;Qingtang;Qingtang;Qingtang;x
dynamic-tibetan-culture-num2;Lingtsang;Lingtsang;Lingtsang;Lingtsang;Lingtsang;Lingtsang;Lingtsang;Lingtsang;Lingtsang;Lingtsang;Lingtsang;Lingtsang;Lingtsang;x
dynamic-tocharian-uyghur-culture-num1;Tocharo-Uyghur;Tocharo-Uyghur;Tocharo-Uyghur;Tocharo-Uyghur;Tocharo-Uyghur;Tocharo-Uyghur;Tocharo-Uyghur;Tocharo-Uyghur;Tocharo-Uyghur;Tocharo-Uyghur;Tocharo-Uyghur;Tocharo-Uyghur;Tocharo-Uyghur;x
dynamic-turkish-culture-num1;Kos-Buwaki;Kos-Buwaki;Kos-Buwaki;Kos-Buwaki;Kos-Buwaki;Kos-Buwaki;Kos-Buwaki;Kos-Buwaki;Kos-Buwaki;Kos-Buwaki;Kos-Buwaki;Kos-Buwaki;Kos-Buwaki;x
dynamic-uralic-russian_culture-culture-num1;Russo-Merya;Russo-Merya;Russo-Merya;Russo-Merya;Russo-Merya;Russo-Merya;Russo-Merya;Russo-Merya;Russo-Merya;Russo-Merya;Russo-Merya;Russo-Merya;Russo-Merya;x
dynamic-uzbehk-culture-num1;Buryato-Karluk;Buryato-Karluk;Buryato-Karluk;Buryato-Karluk;Buryato-Karluk;Buryato-Karluk;Buryato-Karluk;Buryato-Karluk;Buryato-Karluk;Buryato-Karluk;Buryato-Karluk;Buryato-Karluk;Buryato-Karluk;x
dynamic-uzbehk-culture-num2;Gurbantünggütian;Gurbantünggütian;Gurbantünggütian;Gurbantünggütian;Gurbantünggütian;Gurbantünggütian;Gurbantünggütian;Gurbantünggütian;Gurbantünggütian;Gurbantünggütian;Gurbantünggütian;Gurbantünggütian;Gurbantünggütian;x
dynamic-uzbehk-culture-num3;Kadan;Kadan;Kadan;Kadan;Kadan;Kadan;Kadan;Kadan;Kadan;Kadan;Kadan;Kadan;Kadan;x
dynamic-uzbehk-uralic-culture-num1;Permo-Karluk;Permo-Karluk;Permo-Karluk;Permo-Karluk;Permo-Karluk;Permo-Karluk;Permo-Karluk;Permo-Karluk;Permo-Karluk;Permo-Karluk;Permo-Karluk;Permo-Karluk;Permo-Karluk;x
dynamic-zaghawa-culture-num1;Daju-Zaghawa;Daju-Zaghawa;Daju-Zaghawa;Daju-Zaghawa;Daju-Zaghawa;Daju-Zaghawa;Daju-Zaghawa;Daju-Zaghawa;Daju-Zaghawa;Daju-Zaghawa;Daju-Zaghawa;Daju-Zaghawa;Daju-Zaghawa;x
dynamic-zaghawa-culture-num2;Zaghawo-Sao;Zaghawo-Sao;Zaghawo-Sao;Zaghawo-Sao;Zaghawo-Sao;Zaghawo-Sao;Zaghawo-Sao;Zaghawo-Sao;Zaghawo-Sao;Zaghawo-Sao;Zaghawo-Sao;Zaghawo-Sao;Zaghawo-Sao;x
dynamic-zaghawa-culture-num3;Zaghawo-Kanuri;Zaghawo-Kanuri;Zaghawo-Kanuri;Zaghawo-Kanuri;Zaghawo-Kanuri;Zaghawo-Kanuri;Zaghawo-Kanuri;Zaghawo-Kanuri;Zaghawo-Kanuri;Zaghawo-Kanuri;Zaghawo-Kanuri;Zaghawo-Kanuri;Zaghawo-Kanuri;x
dynamic-zhangzhung-culture-num1;Co'nyi;Co'nyi;Co'nyi;Co'nyi;Co'nyi;Co'nyi;Co'nyi;Co'nyi;Co'nyi;Co'nyi;Co'nyi;Co'nyi;Co'nyi;x
